timestamp_utc,exit_timestamp_utc,side,entry_price,exit_price,pnl_pips,candidate_id,exit_reason,stop_loss_price,take_profit_price,same_bar_collision,collision_resolution
2025-10-01 08:08:00+00:00,2025-10-01 08:14:00+00:00,long,1.1762,1.1754,-7.999999999999119,AF-CAND-0730,stop_loss,1.1754,1.1787,False,
2025-10-01 08:27:00+00:00,2025-10-01 08:52:00+00:00,long,1.17588,1.17508,-8.00000000000134,AF-CAND-0730,stop_loss,1.17508,1.17838,False,
2025-10-01 09:08:00+00:00,2025-10-01 10:22:00+00:00,short,1.17472,1.17222,24.999999999999467,AF-CAND-0730,take_profit,1.17552,1.17222,False,
2025-10-01 10:30:00+00:00,2025-10-01 10:40:00+00:00,short,1.17169,1.17249,-8.00000000000134,AF-CAND-0730,stop_loss,1.17249,1.16919,False,
2025-10-01 10:44:00+00:00,2025-10-01 12:15:00+00:00,long,1.17267,1.17517,24.999999999999467,AF-CAND-0730,take_profit,1.17187,1.17517,False,
2025-10-01 12:43:00+00:00,2025-10-01 12:44:00+00:00,short,1.17453,1.17533,-7.999999999999119,AF-CAND-0730,stop_loss,1.17533,1.17203,False,
2025-10-01 12:50:00+00:00,2025-10-01 12:53:00+00:00,long,1.17585,1.17505,-8.00000000000134,AF-CAND-0730,stop_loss,1.17505,1.17835,False,
2025-10-01 13:16:00+00:00,2025-10-01 13:24:00+00:00,short,1.17504,1.17584,-7.999999999999119,AF-CAND-0730,stop_loss,1.17584,1.17254,False,
2025-10-01 13:31:00+00:00,2025-10-01 13:51:00+00:00,long,1.17581,1.17501,-7.999999999999119,AF-CAND-0730,stop_loss,1.17501,1.17831,False,
2025-10-01 13:56:00+00:00,2025-10-01 14:00:00+00:00,short,1.17503,1.17583,-7.999999999999119,AF-CAND-0730,stop_loss,1.17583,1.17253,False,
2025-10-02 08:37:00+00:00,2025-10-02 08:56:00+00:00,short,1.17494,1.17574,-7.999999999999119,AF-CAND-0730,stop_loss,1.17574,1.17244,False,
2025-10-02 08:57:00+00:00,2025-10-02 10:01:00+00:00,long,1.17571,1.17491,-8.00000000000134,AF-CAND-0730,stop_loss,1.17491,1.17821,False,
2025-10-02 10:07:00+00:00,2025-10-02 11:35:00+00:00,short,1.17473,1.17553,-7.999999999999119,AF-CAND-0730,stop_loss,1.17553,1.17223,False,
2025-10-02 11:38:00+00:00,2025-10-02 12:27:00+00:00,long,1.17552,1.17472,-7.999999999999119,AF-CAND-0730,stop_loss,1.17472,1.17802,False,
2025-10-02 12:45:00+00:00,2025-10-02 13:52:00+00:00,short,1.17399,1.17149,25.000000000001688,AF-CAND-0730,take_profit,1.17479,1.17149,False,
2025-10-03 08:01:00+00:00,2025-10-03 11:01:00+00:00,long,1.17333,1.17361,2.80000000000058,AF-CAND-0730,timeout,1.17253,1.17583,False,
2025-10-03 11:13:00+00:00,2025-10-03 11:35:00+00:00,short,1.17334,1.17414,-7.999999999999119,AF-CAND-0730,stop_loss,1.17414,1.17084,False,
2025-10-03 11:59:00+00:00,2025-10-03 12:56:00+00:00,short,1.17331,1.17411,-7.999999999999119,AF-CAND-0730,stop_loss,1.17411,1.17081,False,
2025-10-03 13:08:00+00:00,2025-10-03 13:18:00+00:00,short,1.17345,1.17425,-7.999999999999119,AF-CAND-0730,stop_loss,1.17425,1.17095,False,
2025-10-06 08:29:00+00:00,2025-10-06 09:11:00+00:00,long,1.16663,1.16583,-8.00000000000134,AF-CAND-0730,stop_loss,1.16583,1.16913,False,
2025-10-06 09:24:00+00:00,2025-10-06 09:43:00+00:00,long,1.16666,1.16586,-8.00000000000134,AF-CAND-0730,stop_loss,1.16586,1.16916,False,
2025-10-06 09:45:00+00:00,2025-10-06 09:49:00+00:00,short,1.16573,1.16653,-8.00000000000134,AF-CAND-0730,stop_loss,1.16653,1.16323,False,
2025-10-06 10:00:00+00:00,2025-10-06 10:05:00+00:00,long,1.16672,1.16592,-7.999999999999119,AF-CAND-0730,stop_loss,1.16592,1.16922,False,
2025-10-06 10:10:00+00:00,2025-10-06 10:27:00+00:00,short,1.16544,1.16624,-7.999999999999119,AF-CAND-0730,stop_loss,1.16624,1.16294,False,
2025-10-06 11:16:00+00:00,2025-10-06 13:07:00+00:00,long,1.16691,1.16941,25.000000000001688,AF-CAND-0730,take_profit,1.16611,1.16941,False,
2025-10-06 13:26:00+00:00,2025-10-06 13:44:00+00:00,short,1.16883,1.16963,-7.999999999999119,AF-CAND-0730,stop_loss,1.16963,1.16633,False,
2025-10-06 13:56:00+00:00,2025-10-06 14:21:00+00:00,long,1.17035,1.16955,-7.999999999999119,AF-CAND-0730,stop_loss,1.16955,1.17285,False,
2025-10-07 08:08:00+00:00,2025-10-07 08:24:00+00:00,long,1.16821,1.16741,-7.999999999999119,AF-CAND-0730,stop_loss,1.16741,1.17071,False,
2025-10-07 08:26:00+00:00,2025-10-07 11:26:00+00:00,short,1.16741,1.16588,15.300000000000313,AF-CAND-0730,timeout,1.16821,1.16491,False,
2025-10-07 11:27:00+00:00,2025-10-07 12:08:00+00:00,short,1.16582,1.16662,-7.999999999999119,AF-CAND-0730,stop_loss,1.16662,1.16332,False,
2025-10-07 12:11:00+00:00,2025-10-07 12:17:00+00:00,long,1.16655,1.16575,-7.999999999999119,AF-CAND-0730,stop_loss,1.16575,1.16905,False,
2025-10-07 12:18:00+00:00,2025-10-07 12:35:00+00:00,short,1.16568,1.16648,-7.999999999999119,AF-CAND-0730,stop_loss,1.16648,1.16318,False,
2025-10-07 12:45:00+00:00,2025-10-07 14:00:00+00:00,long,1.16665,1.16585,-7.999999999999119,AF-CAND-0730,stop_loss,1.16585,1.16915,False,
2025-10-08 08:17:00+00:00,2025-10-08 10:57:00+00:00,short,1.16282,1.16362,-8.00000000000134,AF-CAND-0730,stop_loss,1.16362,1.16032,False,
2025-10-08 10:58:00+00:00,2025-10-08 11:03:00+00:00,long,1.16363,1.16283,-7.999999999999119,AF-CAND-0730,stop_loss,1.16283,1.16613,False,
2025-10-08 11:20:00+00:00,2025-10-08 12:23:00+00:00,short,1.1629,1.1637,-7.999999999999119,AF-CAND-0730,stop_loss,1.1637,1.1604,False,
2025-10-08 13:09:00+00:00,2025-10-08 13:46:00+00:00,long,1.16376,1.16296,-7.999999999999119,AF-CAND-0730,stop_loss,1.16296,1.16626,False,
2025-10-09 08:04:00+00:00,2025-10-09 09:04:00+00:00,short,1.16092,1.16172,-8.00000000000134,AF-CAND-0730,stop_loss,1.16172,1.15842,False,
2025-10-09 09:18:00+00:00,2025-10-09 09:19:00+00:00,short,1.16109,1.16189,-8.00000000000134,AF-CAND-0730,stop_loss,1.16189,1.15859,False,
2025-10-09 10:19:00+00:00,2025-10-09 13:19:00+00:00,short,1.16206,1.16106,10.000000000001119,AF-CAND-0730,timeout,1.16286,1.15956,False,
2025-10-09 13:23:00+00:00,2025-10-09 13:27:00+00:00,short,1.16058,1.16138,-8.00000000000134,AF-CAND-0730,stop_loss,1.16138,1.15808,False,
2025-10-09 13:39:00+00:00,2025-10-09 14:28:00+00:00,short,1.16042,1.15792,24.999999999999467,AF-CAND-0730,take_profit,1.16122,1.15792,False,
2025-10-10 08:02:00+00:00,2025-10-10 09:18:00+00:00,long,1.15793,1.15713,-7.999999999999119,AF-CAND-0730,stop_loss,1.15713,1.16043,False,
2025-10-10 09:23:00+00:00,2025-10-10 09:51:00+00:00,short,1.15708,1.15788,-7.999999999999119,AF-CAND-0730,stop_loss,1.15788,1.15458,False,
2025-10-10 09:53:00+00:00,2025-10-10 10:01:00+00:00,long,1.1579,1.1571,-7.999999999999119,AF-CAND-0730,stop_loss,1.1571,1.1604,False,
2025-10-10 10:03:00+00:00,2025-10-10 10:15:00+00:00,short,1.15705,1.15785,-8.00000000000134,AF-CAND-0730,stop_loss,1.15785,1.15455,False,
2025-10-10 10:22:00+00:00,2025-10-10 10:37:00+00:00,long,1.15831,1.15751,-7.999999999999119,AF-CAND-0730,stop_loss,1.15751,1.16081,False,
2025-10-10 10:47:00+00:00,2025-10-10 13:47:00+00:00,short,1.15732,1.15666,6.599999999998829,AF-CAND-0730,timeout,1.15812,1.15482,False,
2025-10-13 08:08:00+00:00,2025-10-13 11:08:00+00:00,short,1.15981,1.15928,5.299999999999194,AF-CAND-0730,timeout,1.16061,1.15731,False,
2025-10-13 11:27:00+00:00,2025-10-13 14:27:00+00:00,short,1.15836,1.15658,17.80000000000115,AF-CAND-0730,timeout,1.15916,1.15586,False,
2025-10-14 08:05:00+00:00,2025-10-14 11:03:00+00:00,long,1.15562,1.15482,-8.00000000000134,AF-CAND-0730,stop_loss,1.15482,1.15812,False,
2025-10-14 11:07:00+00:00,2025-10-14 11:22:00+00:00,short,1.15476,1.15556,-7.999999999999119,AF-CAND-0730,stop_loss,1.15556,1.15226,False,
2025-10-14 11:24:00+00:00,2025-10-14 12:41:00+00:00,long,1.15566,1.15486,-7.999999999999119,AF-CAND-0730,stop_loss,1.15486,1.15816,False,
2025-10-14 13:05:00+00:00,2025-10-14 14:28:00+00:00,long,1.15591,1.15841,24.999999999999467,AF-CAND-0730,take_profit,1.15511,1.15841,False,
2025-10-15 08:49:00+00:00,2025-10-15 08:54:00+00:00,long,1.1643,1.1635,-7.999999999999119,AF-CAND-0730,stop_loss,1.1635,1.1668,False,
2025-10-15 08:56:00+00:00,2025-10-15 09:36:00+00:00,short,1.1632,1.164,-7.999999999999119,AF-CAND-0730,stop_loss,1.164,1.1607,False,
2025-10-15 09:38:00+00:00,2025-10-15 09:45:00+00:00,long,1.16402,1.16322,-8.00000000000134,AF-CAND-0730,stop_loss,1.16322,1.16652,False,
2025-10-15 11:35:00+00:00,2025-10-15 13:52:00+00:00,short,1.16228,1.16308,-7.999999999999119,AF-CAND-0730,stop_loss,1.16308,1.15978,False,
2025-10-16 09:44:00+00:00,2025-10-16 10:17:00+00:00,long,1.16611,1.16531,-7.999999999999119,AF-CAND-0730,stop_loss,1.16531,1.16861,False,
2025-10-16 10:44:00+00:00,2025-10-16 12:57:00+00:00,short,1.16546,1.16626,-8.00000000000134,AF-CAND-0730,stop_loss,1.16626,1.16296,False,
2025-10-16 13:08:00+00:00,2025-10-16 13:48:00+00:00,short,1.16554,1.16634,-7.999999999999119,AF-CAND-0730,stop_loss,1.16634,1.16304,False,
2025-10-17 08:22:00+00:00,2025-10-17 11:22:00+00:00,short,1.17014,1.1689,12.399999999999078,AF-CAND-0730,timeout,1.17094,1.16764,False,
2025-10-17 12:10:00+00:00,2025-10-17 15:10:00+00:00,short,1.16803,1.16638,16.499999999999293,AF-CAND-0730,timeout,1.16883,1.16553,False,
2025-10-20 09:15:00+00:00,2025-10-20 09:36:00+00:00,short,1.16588,1.16668,-7.999999999999119,AF-CAND-0730,stop_loss,1.16668,1.16338,False,
2025-10-20 09:55:00+00:00,2025-10-20 12:55:00+00:00,short,1.1663,1.16543,8.699999999999264,AF-CAND-0730,timeout,1.1671,1.1638,False,
2025-10-20 12:57:00+00:00,2025-10-20 14:21:00+00:00,short,1.16507,1.16587,-7.999999999999119,AF-CAND-0730,stop_loss,1.16587,1.16257,False,
2025-10-21 08:27:00+00:00,2025-10-21 08:46:00+00:00,long,1.16262,1.16182,-7.999999999999119,AF-CAND-0730,stop_loss,1.16182,1.16512,False,
2025-10-21 09:10:00+00:00,2025-10-21 09:31:00+00:00,short,1.16168,1.16248,-7.999999999999119,AF-CAND-0730,stop_loss,1.16248,1.15918,False,
2025-10-21 09:33:00+00:00,2025-10-21 09:48:00+00:00,long,1.16268,1.16188,-7.999999999999119,AF-CAND-0730,stop_loss,1.16188,1.16518,False,
2025-10-21 09:50:00+00:00,2025-10-21 12:50:00+00:00,short,1.16191,1.16071,12.000000000000899,AF-CAND-0730,timeout,1.16271,1.15941,False,
2025-10-21 12:51:00+00:00,2025-10-21 12:58:00+00:00,short,1.16035,1.16115,-7.999999999999119,AF-CAND-0730,stop_loss,1.16115,1.15785,False,
2025-10-21 13:02:00+00:00,2025-10-21 13:47:00+00:00,long,1.16126,1.16046,-7.999999999999119,AF-CAND-0730,stop_loss,1.16046,1.16376,False,
2025-10-22 08:17:00+00:00,2025-10-22 08:23:00+00:00,short,1.15906,1.15986,-7.999999999999119,AF-CAND-0730,stop_loss,1.15986,1.15656,False,
2025-10-22 08:54:00+00:00,2025-10-22 10:10:00+00:00,long,1.15978,1.15898,-8.00000000000134,AF-CAND-0730,stop_loss,1.15898,1.16228,False,
2025-10-22 10:31:00+00:00,2025-10-22 13:30:00+00:00,short,1.15854,1.15934,-8.00000000000134,AF-CAND-0730,stop_loss,1.15934,1.15604,False,
2025-10-22 13:35:00+00:00,2025-10-22 16:30:00+00:00,long,1.15954,1.16204,24.999999999999467,AF-CAND-0730,take_profit,1.15874,1.16204,False,
2025-10-23 08:08:00+00:00,2025-10-23 08:44:00+00:00,long,1.16047,1.15967,-7.999999999999119,AF-CAND-0730,stop_loss,1.15967,1.16297,False,
2025-10-23 08:47:00+00:00,2025-10-23 11:47:00+00:00,short,1.15948,1.15916,3.20000000000098,AF-CAND-0730,timeout,1.16028,1.15698,False,
2025-10-23 12:36:00+00:00,2025-10-23 15:36:00+00:00,long,1.15972,1.16064,9.199999999998099,AF-CAND-0730,timeout,1.15892,1.16222,False,
2025-10-24 08:16:00+00:00,2025-10-24 11:16:00+00:00,short,1.16133,1.16131,0.1999999999990898,AF-CAND-0730,timeout,1.16213,1.15883,False,
2025-10-24 11:48:00+00:00,2025-10-24 11:58:00+00:00,short,1.16084,1.16164,-7.999999999999119,AF-CAND-0730,stop_loss,1.16164,1.15834,False,
2025-10-24 12:01:00+00:00,2025-10-24 12:24:00+00:00,long,1.16166,1.16086,-7.999999999999119,AF-CAND-0730,stop_loss,1.16086,1.16416,False,
2025-10-24 12:37:00+00:00,2025-10-24 12:37:00+00:00,long,1.16468,1.16388,-7.999999999999119,AF-CAND-0730,stop_loss,1.16388,1.16718,False,
2025-10-24 12:58:00+00:00,2025-10-24 13:03:00+00:00,short,1.16303,1.16383,-7.999999999999119,AF-CAND-0730,stop_loss,1.16383,1.16053,False,
2025-10-24 13:10:00+00:00,2025-10-24 13:12:00+00:00,long,1.16437,1.16357,-7.999999999999119,AF-CAND-0730,stop_loss,1.16357,1.16687,False,
2025-10-24 13:15:00+00:00,2025-10-24 16:15:00+00:00,short,1.16334,1.16274,5.999999999999339,AF-CAND-0730,timeout,1.16414,1.16084,False,
2025-10-27 08:05:00+00:00,2025-10-27 08:15:00+00:00,short,1.16177,1.16257,-8.00000000000134,AF-CAND-0730,stop_loss,1.16257,1.15927,False,
2025-10-27 08:17:00+00:00,2025-10-27 11:17:00+00:00,long,1.16259,1.16416,15.700000000000713,AF-CAND-0730,timeout,1.16179,1.16509,False,
2025-10-27 11:33:00+00:00,2025-10-27 11:51:00+00:00,short,1.16366,1.16446,-8.00000000000134,AF-CAND-0730,stop_loss,1.16446,1.16116,False,
2025-10-27 11:53:00+00:00,2025-10-27 12:39:00+00:00,long,1.16449,1.16369,-8.00000000000134,AF-CAND-0730,stop_loss,1.16369,1.16699,False,
2025-10-27 13:09:00+00:00,2025-10-27 16:09:00+00:00,short,1.16381,1.16342,3.900000000001125,AF-CAND-0730,timeout,1.16461,1.16131,False,
2025-10-28 08:10:00+00:00,2025-10-28 08:16:00+00:00,short,1.16509,1.16589,-8.00000000000134,AF-CAND-0730,stop_loss,1.16589,1.16259,False,
2025-10-28 08:53:00+00:00,2025-10-28 08:58:00+00:00,long,1.16619,1.16539,-8.00000000000134,AF-CAND-0730,stop_loss,1.16539,1.16869,False,
2025-10-28 09:01:00+00:00,2025-10-28 10:15:00+00:00,short,1.16524,1.16604,-7.999999999999119,AF-CAND-0730,stop_loss,1.16604,1.16274,False,
2025-10-28 10:17:00+00:00,2025-10-28 12:10:00+00:00,long,1.16603,1.16523,-7.999999999999119,AF-CAND-0730,stop_loss,1.16523,1.16853,False,
2025-10-28 12:11:00+00:00,2025-10-28 13:14:00+00:00,short,1.16518,1.16268,25.000000000001688,AF-CAND-0730,take_profit,1.16598,1.16268,False,
2025-10-28 13:17:00+00:00,2025-10-28 13:36:00+00:00,short,1.16269,1.16349,-7.999999999999119,AF-CAND-0730,stop_loss,1.16349,1.16019,False,
2025-10-28 13:38:00+00:00,2025-10-28 14:39:00+00:00,long,1.1635,1.166,24.999999999999467,AF-CAND-0730,take_profit,1.1627,1.166,False,
2025-10-29 08:05:00+00:00,2025-10-29 09:38:00+00:00,short,1.16293,1.16373,-7.999999999999119,AF-CAND-0730,stop_loss,1.16373,1.16043,False,
2025-10-29 09:48:00+00:00,2025-10-29 11:27:00+00:00,long,1.16421,1.16341,-7.999999999999119,AF-CAND-0730,stop_loss,1.16341,1.16671,False,
2025-10-29 11:40:00+00:00,2025-10-29 12:41:00+00:00,long,1.16384,1.16304,-7.999999999999119,AF-CAND-0730,stop_loss,1.16304,1.16634,False,
2025-10-29 12:46:00+00:00,2025-10-29 13:15:00+00:00,short,1.1631,1.1639,-7.999999999999119,AF-CAND-0730,stop_loss,1.1639,1.1606,False,
2025-10-29 13:36:00+00:00,2025-10-29 14:26:00+00:00,short,1.16372,1.16452,-7.999999999999119,AF-CAND-0730,stop_loss,1.16452,1.16122,False,
2025-10-30 08:00:00+00:00,2025-10-30 08:10:00+00:00,long,1.16195,1.16115,-8.00000000000134,AF-CAND-0730,stop_loss,1.16115,1.16445,False,
2025-10-30 08:11:00+00:00,2025-10-30 08:52:00+00:00,short,1.16117,1.16197,-7.999999999999119,AF-CAND-0730,stop_loss,1.16197,1.15867,False,
2025-10-30 08:53:00+00:00,2025-10-30 10:29:00+00:00,long,1.16201,1.16121,-7.999999999999119,AF-CAND-0730,stop_loss,1.16121,1.16451,False,
2025-10-30 10:30:00+00:00,2025-10-30 12:25:00+00:00,short,1.16123,1.15873,24.999999999999467,AF-CAND-0730,take_profit,1.16203,1.15873,False,
2025-10-30 12:39:00+00:00,2025-10-30 13:10:00+00:00,short,1.15733,1.15483,24.999999999999467,AF-CAND-0730,take_profit,1.15813,1.15483,False,
2025-10-30 13:11:00+00:00,2025-10-30 13:12:00+00:00,short,1.15464,1.15544,-7.999999999999119,AF-CAND-0730,stop_loss,1.15544,1.15214,False,
2025-10-30 13:21:00+00:00,2025-10-30 16:21:00+00:00,long,1.15614,1.15587,-2.6999999999999247,AF-CAND-0730,timeout,1.15534,1.15864,False,
2025-10-31 08:10:00+00:00,2025-10-31 08:28:00+00:00,short,1.15601,1.15681,-7.999999999999119,AF-CAND-0730,stop_loss,1.15681,1.15351,False,
2025-10-31 08:30:00+00:00,2025-10-31 11:30:00+00:00,long,1.15672,1.15701,2.900000000001235,AF-CAND-0730,timeout,1.15592,1.15922,False,
2025-10-31 11:43:00+00:00,2025-10-31 11:52:00+00:00,short,1.15606,1.15686,-7.999999999999119,AF-CAND-0730,stop_loss,1.15686,1.15356,False,
2025-10-31 12:08:00+00:00,2025-10-31 13:43:00+00:00,short,1.15596,1.15346,25.000000000001688,AF-CAND-0730,take_profit,1.15676,1.15346,False,
2025-11-03 08:10:00+00:00,2025-11-03 11:10:00+00:00,short,1.15302,1.15176,12.600000000000389,AF-CAND-0730,timeout,1.15382,1.15052,False,
2025-11-03 11:12:00+00:00,2025-11-03 13:13:00+00:00,long,1.15194,1.15114,-7.999999999999119,AF-CAND-0730,stop_loss,1.15114,1.15444,False,
2025-11-03 13:23:00+00:00,2025-11-03 15:00:00+00:00,short,1.1509,1.1517,-7.999999999999119,AF-CAND-0730,stop_loss,1.1517,1.1484,False,
2025-11-04 08:40:00+00:00,2025-11-04 11:40:00+00:00,short,1.15205,1.14998,20.700000000000163,AF-CAND-0730,timeout,1.15285,1.14955,False,
2025-11-04 11:56:00+00:00,2025-11-04 14:56:00+00:00,short,1.14914,1.14829,8.500000000000174,AF-CAND-0730,timeout,1.14994,1.14664,False,
2025-11-05 08:09:00+00:00,2025-11-05 09:00:00+00:00,long,1.14943,1.14863,-7.999999999999119,AF-CAND-0730,stop_loss,1.14863,1.15193,False,
2025-11-05 09:21:00+00:00,2025-11-05 12:21:00+00:00,short,1.14861,1.14926,-6.500000000000394,AF-CAND-0730,timeout,1.14941,1.14611,False,
2025-11-05 12:27:00+00:00,2025-11-05 15:27:00+00:00,short,1.14886,1.14839,4.699999999999704,AF-CAND-0730,timeout,1.14966,1.14636,False,
2025-11-06 09:00:00+00:00,2025-11-06 09:19:00+00:00,long,1.1522,1.1514,-7.999999999999119,AF-CAND-0730,stop_loss,1.1514,1.1547,False,
2025-11-06 09:22:00+00:00,2025-11-06 11:43:00+00:00,short,1.1513,1.1521,-7.999999999999119,AF-CAND-0730,stop_loss,1.1521,1.1488,False,
2025-11-06 12:13:00+00:00,2025-11-06 15:13:00+00:00,long,1.15224,1.15234,0.9999999999998899,AF-CAND-0730,timeout,1.15144,1.15474,False,
2025-11-07 08:43:00+00:00,2025-11-07 09:48:00+00:00,short,1.15331,1.15411,-7.999999999999119,AF-CAND-0730,stop_loss,1.15411,1.15081,False,
2025-11-07 10:26:00+00:00,2025-11-07 13:26:00+00:00,long,1.15482,1.1568,19.800000000000928,AF-CAND-0730,timeout,1.15402,1.15732,False,
2025-11-07 13:29:00+00:00,2025-11-07 13:33:00+00:00,long,1.15696,1.15616,-7.999999999999119,AF-CAND-0730,stop_loss,1.15616,1.15946,False,
2025-11-07 13:44:00+00:00,2025-11-07 13:52:00+00:00,long,1.15698,1.15618,-7.999999999999119,AF-CAND-0730,stop_loss,1.15618,1.15948,False,
2025-11-10 08:06:00+00:00,2025-11-10 09:22:00+00:00,long,1.15726,1.15646,-7.999999999999119,AF-CAND-0730,stop_loss,1.15646,1.15976,False,
2025-11-10 09:46:00+00:00,2025-11-10 10:30:00+00:00,long,1.15722,1.15642,-7.999999999999119,AF-CAND-0730,stop_loss,1.15642,1.15972,False,
2025-11-10 10:35:00+00:00,2025-11-10 12:18:00+00:00,short,1.15615,1.15695,-7.999999999999119,AF-CAND-0730,stop_loss,1.15695,1.15365,False,
2025-11-10 12:46:00+00:00,2025-11-10 13:18:00+00:00,short,1.15671,1.15751,-8.00000000000134,AF-CAND-0730,stop_loss,1.15751,1.15421,False,
2025-11-10 13:24:00+00:00,2025-11-10 13:38:00+00:00,long,1.15778,1.15698,-8.00000000000134,AF-CAND-0730,stop_loss,1.15698,1.16028,False,
2025-11-11 08:10:00+00:00,2025-11-11 08:36:00+00:00,long,1.15655,1.15575,-7.999999999999119,AF-CAND-0730,stop_loss,1.15575,1.15905,False,
2025-11-11 09:41:00+00:00,2025-11-11 12:41:00+00:00,long,1.15681,1.15706,2.500000000000835,AF-CAND-0730,timeout,1.15601,1.15931,False,
2025-11-11 13:21:00+00:00,2025-11-11 16:21:00+00:00,long,1.15826,1.15956,12.999999999998568,AF-CAND-0730,timeout,1.15746,1.16076,False,
2025-11-12 08:03:00+00:00,2025-11-12 08:25:00+00:00,short,1.15789,1.15869,-7.999999999999119,AF-CAND-0730,stop_loss,1.15869,1.15539,False,
2025-11-12 08:46:00+00:00,2025-11-12 11:46:00+00:00,short,1.15812,1.1573,8.20000000000043,AF-CAND-0730,timeout,1.15892,1.15562,False,
2025-11-12 12:00:00+00:00,2025-11-12 13:19:00+00:00,long,1.15786,1.15706,-7.999999999999119,AF-CAND-0730,stop_loss,1.15706,1.16036,False,
2025-11-12 13:22:00+00:00,2025-11-12 15:00:00+00:00,short,1.15706,1.15786,-7.999999999999119,AF-CAND-0730,stop_loss,1.15786,1.15456,False,
2025-11-13 08:24:00+00:00,2025-11-13 08:52:00+00:00,short,1.1612,1.162,-7.999999999999119,AF-CAND-0730,stop_loss,1.162,1.1587,False,
2025-11-13 09:12:00+00:00,2025-11-13 09:30:00+00:00,long,1.16354,1.16274,-7.999999999999119,AF-CAND-0730,stop_loss,1.16274,1.16604,False,
2025-11-13 09:39:00+00:00,2025-11-13 10:20:00+00:00,short,1.16145,1.16225,-7.999999999999119,AF-CAND-0730,stop_loss,1.16225,1.15895,False,
2025-11-13 10:21:00+00:00,2025-11-13 10:38:00+00:00,long,1.16226,1.16146,-8.00000000000134,AF-CAND-0730,stop_loss,1.16146,1.16476,False,
2025-11-13 10:57:00+00:00,2025-11-13 11:47:00+00:00,long,1.16176,1.16096,-7.999999999999119,AF-CAND-0730,stop_loss,1.16096,1.16426,False,
2025-11-13 11:51:00+00:00,2025-11-13 12:17:00+00:00,short,1.16052,1.16132,-7.999999999999119,AF-CAND-0730,stop_loss,1.16132,1.15802,False,
2025-11-13 13:39:00+00:00,2025-11-13 14:00:00+00:00,short,1.16137,1.16217,-7.999999999999119,AF-CAND-0730,stop_loss,1.16217,1.15887,False,
2025-11-14 08:32:00+00:00,2025-11-14 09:02:00+00:00,long,1.16325,1.16245,-7.999999999999119,AF-CAND-0730,stop_loss,1.16245,1.16575,False,
2025-11-14 09:04:00+00:00,2025-11-14 12:04:00+00:00,short,1.16242,1.16193,4.900000000001015,AF-CAND-0730,timeout,1.16322,1.15992,False,
2025-11-14 12:31:00+00:00,2025-11-14 14:47:00+00:00,long,1.16332,1.16252,-7.999999999999119,AF-CAND-0730,stop_loss,1.16252,1.16582,False,
2025-11-17 08:30:00+00:00,2025-11-17 11:30:00+00:00,short,1.16033,1.16018,1.500000000000945,AF-CAND-0730,timeout,1.16113,1.15783,False,
2025-11-17 13:37:00+00:00,2025-11-17 16:19:00+00:00,short,1.15927,1.16007,-7.999999999999119,AF-CAND-0730,stop_loss,1.16007,1.15677,False,
2025-11-18 08:20:00+00:00,2025-11-18 11:20:00+00:00,short,1.16006,1.15856,15.000000000000568,AF-CAND-0730,timeout,1.16086,1.15756,False,
2025-11-18 12:07:00+00:00,2025-11-18 15:07:00+00:00,long,1.15888,1.15995,10.700000000001264,AF-CAND-0730,timeout,1.15808,1.16138,False,
2025-11-19 08:32:00+00:00,2025-11-19 11:32:00+00:00,short,1.15777,1.15828,-5.1000000000001044,AF-CAND-0730,timeout,1.15857,1.15527,False,
2025-11-19 12:06:00+00:00,2025-11-19 12:21:00+00:00,long,1.15896,1.15816,-7.999999999999119,AF-CAND-0730,stop_loss,1.15816,1.16146,False,
2025-11-19 13:08:00+00:00,2025-11-19 13:36:00+00:00,long,1.15844,1.15764,-7.999999999999119,AF-CAND-0730,stop_loss,1.15764,1.16094,False,
2025-11-19 13:39:00+00:00,2025-11-19 15:04:00+00:00,short,1.15768,1.15518,24.999999999999467,AF-CAND-0730,take_profit,1.15848,1.15518,False,
2025-11-20 08:09:00+00:00,2025-11-20 08:33:00+00:00,short,1.15147,1.15227,-7.999999999999119,AF-CAND-0730,stop_loss,1.15227,1.14897,False,
2025-11-20 08:35:00+00:00,2025-11-20 11:35:00+00:00,long,1.15227,1.15184,-4.299999999999304,AF-CAND-0730,timeout,1.15147,1.15477,False,
2025-11-20 11:43:00+00:00,2025-11-20 13:30:00+00:00,short,1.15156,1.15236,-8.00000000000134,AF-CAND-0730,stop_loss,1.15236,1.14906,False,
2025-11-20 13:38:00+00:00,2025-11-20 13:44:00+00:00,long,1.15363,1.15283,-7.999999999999119,AF-CAND-0730,stop_loss,1.15283,1.15613,False,
2025-11-20 13:49:00+00:00,2025-11-20 13:50:00+00:00,short,1.15224,1.15304,-8.00000000000134,AF-CAND-0730,stop_loss,1.15304,1.14974,False,
2025-11-21 08:02:00+00:00,2025-11-21 08:09:00+00:00,short,1.15362,1.15442,-7.999999999999119,AF-CAND-0730,stop_loss,1.15442,1.15112,False,
2025-11-21 08:53:00+00:00,2025-11-21 10:07:00+00:00,short,1.15418,1.15168,24.999999999999467,AF-CAND-0730,take_profit,1.15498,1.15168,False,
2025-11-21 10:10:00+00:00,2025-11-21 11:30:00+00:00,short,1.15155,1.15235,-7.999999999999119,AF-CAND-0730,stop_loss,1.15235,1.14905,False,
2025-11-21 11:31:00+00:00,2025-11-21 11:40:00+00:00,long,1.15235,1.15155,-7.999999999999119,AF-CAND-0730,stop_loss,1.15155,1.15485,False,
2025-11-21 11:43:00+00:00,2025-11-21 12:47:00+00:00,short,1.15154,1.15234,-7.999999999999119,AF-CAND-0730,stop_loss,1.15234,1.14904,False,
2025-11-21 13:11:00+00:00,2025-11-21 13:22:00+00:00,short,1.15161,1.15241,-7.999999999999119,AF-CAND-0730,stop_loss,1.15241,1.14911,False,
2025-11-24 08:14:00+00:00,2025-11-24 11:14:00+00:00,long,1.15298,1.15365,6.700000000001705,AF-CAND-0730,timeout,1.15218,1.15548,False,
2025-11-24 12:10:00+00:00,2025-11-24 12:33:00+00:00,short,1.15389,1.15469,-7.999999999999119,AF-CAND-0730,stop_loss,1.15469,1.15139,False,
2025-11-24 12:34:00+00:00,2025-11-24 13:24:00+00:00,long,1.15474,1.15394,-8.00000000000134,AF-CAND-0730,stop_loss,1.15394,1.15724,False,
2025-11-24 13:41:00+00:00,2025-11-24 16:41:00+00:00,short,1.15379,1.15238,14.100000000001334,AF-CAND-0730,timeout,1.15459,1.15129,False,
2025-11-25 08:16:00+00:00,2025-11-25 11:16:00+00:00,long,1.15265,1.15319,5.399999999999849,AF-CAND-0730,timeout,1.15185,1.15515,False,
2025-11-25 11:43:00+00:00,2025-11-25 12:25:00+00:00,short,1.15264,1.15344,-7.999999999999119,AF-CAND-0730,stop_loss,1.15344,1.15014,False,
2025-11-25 13:10:00+00:00,2025-11-25 13:34:00+00:00,long,1.15516,1.15436,-7.999999999999119,AF-CAND-0730,stop_loss,1.15436,1.15766,False,
2025-11-25 13:54:00+00:00,2025-11-25 15:36:00+00:00,long,1.15571,1.15821,24.999999999999467,AF-CAND-0730,take_profit,1.15491,1.15821,False,
2025-11-26 08:07:00+00:00,2025-11-26 08:32:00+00:00,long,1.15806,1.15726,-8.00000000000134,AF-CAND-0730,stop_loss,1.15726,1.16056,False,
2025-11-26 09:09:00+00:00,2025-11-26 09:30:00+00:00,long,1.15784,1.15704,-7.999999999999119,AF-CAND-0730,stop_loss,1.15704,1.16034,False,
2025-11-26 10:45:00+00:00,2025-11-26 11:33:00+00:00,long,1.15767,1.15687,-7.999999999999119,AF-CAND-0730,stop_loss,1.15687,1.16017,False,
2025-11-26 12:21:00+00:00,2025-11-26 13:35:00+00:00,long,1.15762,1.15682,-8.00000000000134,AF-CAND-0730,stop_loss,1.15682,1.16012,False,
2025-11-26 13:58:00+00:00,2025-11-26 14:17:00+00:00,short,1.15503,1.15583,-7.999999999999119,AF-CAND-0730,stop_loss,1.15583,1.15253,False,
2025-11-27 08:00:00+00:00,2025-11-27 09:10:00+00:00,long,1.15926,1.15846,-7.999999999999119,AF-CAND-0730,stop_loss,1.15846,1.16176,False,
2025-11-27 09:12:00+00:00,2025-11-27 12:12:00+00:00,short,1.15823,1.15862,-3.8999999999989043,AF-CAND-0730,timeout,1.15903,1.15573,False,
2025-11-27 12:49:00+00:00,2025-11-27 13:30:00+00:00,short,1.15846,1.15926,-7.999999999999119,AF-CAND-0730,stop_loss,1.15926,1.15596,False,
2025-11-28 13:34:00+00:00,2025-11-28 15:52:00+00:00,long,1.15722,1.15972,25.000000000001688,AF-CAND-0730,take_profit,1.15642,1.15972,False,
2025-12-01 08:10:00+00:00,2025-12-01 08:41:00+00:00,long,1.16158,1.16078,-8.00000000000134,AF-CAND-0730,stop_loss,1.16078,1.16408,False,
2025-12-01 09:33:00+00:00,2025-12-01 12:33:00+00:00,long,1.16208,1.16329,12.099999999999334,AF-CAND-0730,timeout,1.16128,1.16458,False,
2025-12-01 12:49:00+00:00,2025-12-01 14:05:00+00:00,long,1.16431,1.16351,-7.999999999999119,AF-CAND-0730,stop_loss,1.16351,1.16681,False,
2025-12-02 08:11:00+00:00,2025-12-02 11:11:00+00:00,short,1.16093,1.16074,1.8999999999991246,AF-CAND-0730,timeout,1.16173,1.15843,False,
2025-12-02 12:27:00+00:00,2025-12-02 15:10:00+00:00,long,1.16143,1.16063,-7.999999999999119,AF-CAND-0730,stop_loss,1.16063,1.16393,False,
2025-12-03 08:53:00+00:00,2025-12-03 11:53:00+00:00,long,1.16429,1.16634,20.499999999998852,AF-CAND-0730,timeout,1.16349,1.16679,False,
2025-12-03 11:58:00+00:00,2025-12-03 14:24:00+00:00,long,1.16666,1.16586,-8.00000000000134,AF-CAND-0730,stop_loss,1.16586,1.16916,False,
2025-12-04 08:21:00+00:00,2025-12-04 10:41:00+00:00,long,1.16737,1.16657,-7.999999999999119,AF-CAND-0730,stop_loss,1.16657,1.16987,False,
2025-12-04 11:05:00+00:00,2025-12-04 13:30:00+00:00,long,1.16692,1.16612,-7.999999999999119,AF-CAND-0730,stop_loss,1.16612,1.16942,False,
2025-12-04 13:51:00+00:00,2025-12-04 14:03:00+00:00,short,1.16609,1.16689,-7.999999999999119,AF-CAND-0730,stop_loss,1.16689,1.16359,False,
2025-12-05 08:08:00+00:00,2025-12-05 11:08:00+00:00,short,1.16588,1.16511,7.699999999999374,AF-CAND-0730,timeout,1.16668,1.16338,False,
2025-12-05 11:16:00+00:00,2025-12-05 12:12:00+00:00,short,1.16458,1.16538,-8.00000000000134,AF-CAND-0730,stop_loss,1.16538,1.16208,False,
2025-12-05 12:23:00+00:00,2025-12-05 12:58:00+00:00,short,1.16442,1.16522,-7.999999999999119,AF-CAND-0730,stop_loss,1.16522,1.16192,False,
2025-12-05 13:00:00+00:00,2025-12-05 13:07:00+00:00,long,1.16525,1.16445,-7.999999999999119,AF-CAND-0730,stop_loss,1.16445,1.16775,False,
2025-12-05 13:28:00+00:00,2025-12-05 16:08:00+00:00,long,1.16488,1.16408,-7.999999999999119,AF-CAND-0730,stop_loss,1.16408,1.16738,False,
2025-12-08 08:04:00+00:00,2025-12-08 08:15:00+00:00,long,1.16615,1.16535,-7.999999999999119,AF-CAND-0730,stop_loss,1.16535,1.16865,False,
2025-12-08 08:16:00+00:00,2025-12-08 11:16:00+00:00,short,1.16539,1.16541,-0.20000000000131024,AF-CAND-0730,timeout,1.16619,1.16289,False,
2025-12-08 11:37:00+00:00,2025-12-08 14:37:00+00:00,long,1.16522,1.16466,-5.599999999998939,AF-CAND-0730,timeout,1.16442,1.16772,False,
2025-12-09 08:12:00+00:00,2025-12-09 08:24:00+00:00,short,1.16341,1.16421,-7.999999999999119,AF-CAND-0730,stop_loss,1.16421,1.16091,False,
2025-12-09 08:27:00+00:00,2025-12-09 11:27:00+00:00,long,1.1644,1.16403,-3.700000000002035,AF-CAND-0730,timeout,1.1636,1.1669,False,
2025-12-09 11:56:00+00:00,2025-12-09 12:05:00+00:00,long,1.16469,1.16389,-7.999999999999119,AF-CAND-0730,stop_loss,1.16389,1.16719,False,
2025-12-09 12:06:00+00:00,2025-12-09 15:06:00+00:00,short,1.16377,1.16241,13.600000000000279,AF-CAND-0730,timeout,1.16457,1.16127,False,
2025-12-10 08:30:00+00:00,2025-12-10 09:14:00+00:00,long,1.16509,1.16429,-7.999999999999119,AF-CAND-0730,stop_loss,1.16429,1.16759,False,
2025-12-10 09:32:00+00:00,2025-12-10 09:57:00+00:00,long,1.16428,1.16348,-7.999999999999119,AF-CAND-0730,stop_loss,1.16348,1.16678,False,
2025-12-10 10:16:00+00:00,2025-12-10 10:42:00+00:00,long,1.16386,1.16306,-7.999999999999119,AF-CAND-0730,stop_loss,1.16306,1.16636,False,
2025-12-10 11:40:00+00:00,2025-12-10 12:31:00+00:00,short,1.16317,1.16397,-7.999999999999119,AF-CAND-0730,stop_loss,1.16397,1.16067,False,
2025-12-10 12:33:00+00:00,2025-12-10 13:13:00+00:00,long,1.16397,1.16317,-7.999999999999119,AF-CAND-0730,stop_loss,1.16317,1.16647,False,
2025-12-10 13:16:00+00:00,2025-12-10 13:47:00+00:00,short,1.16313,1.16393,-7.999999999999119,AF-CAND-0730,stop_loss,1.16393,1.16063,False,
2025-12-10 13:58:00+00:00,2025-12-10 14:29:00+00:00,long,1.16411,1.16331,-7.999999999999119,AF-CAND-0730,stop_loss,1.16331,1.16661,False,
2025-12-11 08:00:00+00:00,2025-12-11 08:08:00+00:00,short,1.16931,1.17011,-7.999999999999119,AF-CAND-0730,stop_loss,1.17011,1.16681,False,
2025-12-11 08:36:00+00:00,2025-12-11 08:58:00+00:00,long,1.17065,1.16985,-7.999999999999119,AF-CAND-0730,stop_loss,1.16985,1.17315,False,
2025-12-11 09:00:00+00:00,2025-12-11 10:12:00+00:00,short,1.16964,1.17044,-7.999999999999119,AF-CAND-0730,stop_loss,1.17044,1.16714,False,
2025-12-11 10:18:00+00:00,2025-12-11 13:18:00+00:00,long,1.17054,1.17156,10.200000000000209,AF-CAND-0730,timeout,1.16974,1.17304,False,
2025-12-11 13:25:00+00:00,2025-12-11 14:24:00+00:00,long,1.17194,1.17444,24.999999999999467,AF-CAND-0730,take_profit,1.17114,1.17444,False,
2025-12-12 08:02:00+00:00,2025-12-12 11:02:00+00:00,short,1.1736,1.17282,7.800000000000029,AF-CAND-0730,timeout,1.1744,1.1711,False,
2025-12-12 11:29:00+00:00,2025-12-12 13:06:00+00:00,short,1.17225,1.17305,-7.999999999999119,AF-CAND-0730,stop_loss,1.17305,1.16975,False,
2025-12-12 13:10:00+00:00,2025-12-12 14:00:00+00:00,long,1.1732,1.1724,-7.999999999999119,AF-CAND-0730,stop_loss,1.1724,1.1757,False,
2025-12-15 08:32:00+00:00,2025-12-15 09:00:00+00:00,long,1.17378,1.17298,-8.00000000000134,AF-CAND-0730,stop_loss,1.17298,1.17628,False,
2025-12-15 09:01:00+00:00,2025-12-15 09:07:00+00:00,short,1.17306,1.17386,-7.999999999999119,AF-CAND-0730,stop_loss,1.17386,1.17056,False,
2025-12-15 11:05:00+00:00,2025-12-15 14:05:00+00:00,long,1.17446,1.17459,1.2999999999996348,AF-CAND-0730,timeout,1.17366,1.17696,False,
2025-12-16 08:02:00+00:00,2025-12-16 08:37:00+00:00,long,1.17559,1.17479,-7.999999999999119,AF-CAND-0730,stop_loss,1.17479,1.17809,False,
2025-12-16 08:52:00+00:00,2025-12-16 11:52:00+00:00,long,1.17544,1.17585,4.100000000000215,AF-CAND-0730,timeout,1.17464,1.17794,False,
2025-12-16 11:59:00+00:00,2025-12-16 13:31:00+00:00,long,1.17631,1.17881,24.999999999999467,AF-CAND-0730,take_profit,1.17551,1.17881,False,
2025-12-16 13:44:00+00:00,2025-12-16 13:59:00+00:00,short,1.17675,1.17755,-8.00000000000134,AF-CAND-0730,stop_loss,1.17755,1.17425,False,
2025-12-17 08:20:00+00:00,2025-12-17 11:20:00+00:00,long,1.17129,1.17196,6.699999999999484,AF-CAND-0730,timeout,1.17049,1.17379,False,
2025-12-17 11:26:00+00:00,2025-12-17 12:57:00+00:00,short,1.17153,1.17233,-8.00000000000134,AF-CAND-0730,stop_loss,1.17233,1.16903,False,
2025-12-17 13:37:00+00:00,2025-12-17 13:49:00+00:00,short,1.17214,1.17294,-8.00000000000134,AF-CAND-0730,stop_loss,1.17294,1.16964,False,
2025-12-17 13:50:00+00:00,2025-12-17 15:37:00+00:00,long,1.17303,1.17553,24.999999999999467,AF-CAND-0730,take_profit,1.17223,1.17553,False,
2025-12-18 08:16:00+00:00,2025-12-18 08:33:00+00:00,long,1.17378,1.17298,-8.00000000000134,AF-CAND-0730,stop_loss,1.17298,1.17628,False,
2025-12-18 08:35:00+00:00,2025-12-18 11:35:00+00:00,short,1.17289,1.17271,1.80000000000069,AF-CAND-0730,timeout,1.17369,1.17039,False,
2025-12-18 12:03:00+00:00,2025-12-18 13:15:00+00:00,short,1.17203,1.17283,-8.00000000000134,AF-CAND-0730,stop_loss,1.17283,1.16953,False,
2025-12-18 13:47:00+00:00,2025-12-18 14:22:00+00:00,long,1.17459,1.17379,-8.00000000000134,AF-CAND-0730,stop_loss,1.17379,1.17709,False,
2025-12-19 08:04:00+00:00,2025-12-19 11:04:00+00:00,long,1.17106,1.17151,4.500000000000615,AF-CAND-0730,timeout,1.17026,1.17356,False,
2025-12-19 11:35:00+00:00,2025-12-19 13:31:00+00:00,short,1.17083,1.17163,-7.999999999999119,AF-CAND-0730,stop_loss,1.17163,1.16833,False,
2025-12-19 13:36:00+00:00,2025-12-19 15:56:00+00:00,long,1.1717,1.1709,-7.999999999999119,AF-CAND-0730,stop_loss,1.1709,1.1742,False,
2025-12-22 08:11:00+00:00,2025-12-22 08:42:00+00:00,short,1.17255,1.17335,-7.999999999999119,AF-CAND-0730,stop_loss,1.17335,1.17005,False,
2025-12-22 09:17:00+00:00,2025-12-22 10:20:00+00:00,short,1.17304,1.17384,-7.999999999999119,AF-CAND-0730,stop_loss,1.17384,1.17054,False,
2025-12-22 12:24:00+00:00,2025-12-22 12:54:00+00:00,short,1.17349,1.17429,-8.00000000000134,AF-CAND-0730,stop_loss,1.17429,1.17099,False,
2025-12-22 13:06:00+00:00,2025-12-22 16:06:00+00:00,long,1.17451,1.17611,16.00000000000046,AF-CAND-0730,timeout,1.17371,1.17701,False,
2025-12-23 08:11:00+00:00,2025-12-23 08:21:00+00:00,long,1.1784,1.1776,-7.999999999999119,AF-CAND-0730,stop_loss,1.1776,1.1809,False,
2025-12-23 08:23:00+00:00,2025-12-23 09:00:00+00:00,short,1.17779,1.17859,-8.00000000000134,AF-CAND-0730,stop_loss,1.17859,1.17529,False,
2025-12-23 09:02:00+00:00,2025-12-23 12:02:00+00:00,long,1.17863,1.17971,10.799999999999699,AF-CAND-0730,timeout,1.17783,1.18113,False,
2025-12-23 12:47:00+00:00,2025-12-23 15:00:00+00:00,short,1.17941,1.17691,25.000000000001688,AF-CAND-0730,take_profit,1.18021,1.17691,False,
2025-12-24 08:13:00+00:00,2025-12-24 08:32:00+00:00,short,1.17824,1.17904,-8.00000000000134,AF-CAND-0730,stop_loss,1.17904,1.17574,False,
2025-12-24 08:36:00+00:00,2025-12-24 11:36:00+00:00,long,1.17913,1.1792,0.700000000000145,AF-CAND-0730,timeout,1.17833,1.18163,False,
2025-12-26 08:04:00+00:00,2025-12-26 08:27:00+00:00,short,1.17678,1.17758,-8.00000000000134,AF-CAND-0730,stop_loss,1.17758,1.17428,False,
2025-12-26 08:49:00+00:00,2025-12-26 09:35:00+00:00,long,1.17762,1.17682,-7.999999999999119,AF-CAND-0730,stop_loss,1.17682,1.18012,False,
2025-12-26 11:26:00+00:00,2025-12-26 12:02:00+00:00,long,1.17824,1.17744,-7.999999999999119,AF-CAND-0730,stop_loss,1.17744,1.18074,False,
2025-12-26 13:10:00+00:00,2025-12-26 14:33:00+00:00,long,1.1794,1.1786,-7.999999999999119,AF-CAND-0730,stop_loss,1.1786,1.1819,False,
2025-12-29 08:19:00+00:00,2025-12-29 10:56:00+00:00,long,1.17783,1.17703,-7.999999999999119,AF-CAND-0730,stop_loss,1.17703,1.18033,False,
2025-12-29 11:09:00+00:00,2025-12-29 11:46:00+00:00,short,1.17637,1.17717,-8.00000000000134,AF-CAND-0730,stop_loss,1.17717,1.17387,False,
2025-12-29 12:13:00+00:00,2025-12-29 13:33:00+00:00,short,1.17621,1.17701,-7.999999999999119,AF-CAND-0730,stop_loss,1.17701,1.17371,False,
2025-12-30 08:02:00+00:00,2025-12-30 09:00:00+00:00,long,1.1773,1.1765,-7.999999999999119,AF-CAND-0730,stop_loss,1.1765,1.1798,False,
2025-12-30 10:01:00+00:00,2025-12-30 10:10:00+00:00,short,1.17692,1.17772,-8.00000000000134,AF-CAND-0730,stop_loss,1.17772,1.17442,False,
2025-12-30 12:47:00+00:00,2025-12-30 15:47:00+00:00,short,1.17624,1.17501,12.299999999998423,AF-CAND-0730,timeout,1.17704,1.17374,False,
2025-12-31 08:52:00+00:00,2025-12-31 09:21:00+00:00,short,1.17222,1.17302,-7.999999999999119,AF-CAND-0730,stop_loss,1.17302,1.16972,False,
2025-12-31 09:28:00+00:00,2025-12-31 12:28:00+00:00,long,1.17343,1.17541,19.800000000000928,AF-CAND-0730,timeout,1.17263,1.17593,False,
2025-12-31 13:37:00+00:00,2025-12-31 16:37:00+00:00,short,1.17428,1.17342,8.60000000000083,AF-CAND-0730,timeout,1.17508,1.17178,False,
2026-01-02 08:37:00+00:00,2026-01-02 09:54:00+00:00,long,1.17299,1.17219,-7.999999999999119,AF-CAND-0730,stop_loss,1.17219,1.17549,False,
2026-01-02 09:56:00+00:00,2026-01-02 12:56:00+00:00,short,1.17204,1.17221,-1.7000000000000348,AF-CAND-0730,timeout,1.17284,1.16954,False,
2026-01-02 13:33:00+00:00,2026-01-02 14:29:00+00:00,short,1.17201,1.17281,-7.999999999999119,AF-CAND-0730,stop_loss,1.17281,1.16951,False,
2026-01-05 08:21:00+00:00,2026-01-05 08:43:00+00:00,long,1.16909,1.16829,-7.999999999999119,AF-CAND-0730,stop_loss,1.16829,1.17159,False,
2026-01-05 09:12:00+00:00,2026-01-05 09:23:00+00:00,short,1.16785,1.16865,-7.999999999999119,AF-CAND-0730,stop_loss,1.16865,1.16535,False,
2026-01-05 09:56:00+00:00,2026-01-05 12:56:00+00:00,long,1.16803,1.16725,-7.800000000000029,AF-CAND-0730,timeout,1.16723,1.17053,False,
2026-01-05 13:52:00+00:00,2026-01-05 15:03:00+00:00,long,1.16682,1.16932,24.999999999999467,AF-CAND-0730,take_profit,1.16602,1.16932,False,
2026-01-06 08:08:00+00:00,2026-01-06 08:29:00+00:00,long,1.17351,1.17271,-8.00000000000134,AF-CAND-0730,stop_loss,1.17271,1.17601,False,
2026-01-06 08:33:00+00:00,2026-01-06 11:33:00+00:00,short,1.17259,1.17103,15.600000000000058,AF-CAND-0730,timeout,1.17339,1.17009,False,
2026-01-06 12:10:00+00:00,2026-01-06 12:40:00+00:00,long,1.17113,1.17033,-7.999999999999119,AF-CAND-0730,stop_loss,1.17033,1.17363,False,
2026-01-06 13:03:00+00:00,2026-01-06 13:08:00+00:00,short,1.1698,1.1706,-8.00000000000134,AF-CAND-0730,stop_loss,1.1706,1.1673,False,
2026-01-06 13:10:00+00:00,2026-01-06 14:40:00+00:00,long,1.17075,1.16995,-7.999999999999119,AF-CAND-0730,stop_loss,1.16995,1.17325,False,
2026-01-07 09:22:00+00:00,2026-01-07 10:02:00+00:00,short,1.16814,1.16894,-8.00000000000134,AF-CAND-0730,stop_loss,1.16894,1.16564,False,
2026-01-07 10:55:00+00:00,2026-01-07 13:55:00+00:00,short,1.16879,1.16924,-4.500000000000615,AF-CAND-0730,timeout,1.16959,1.16629,False,
2026-01-08 08:00:00+00:00,2026-01-08 11:00:00+00:00,short,1.16773,1.16805,-3.20000000000098,AF-CAND-0730,timeout,1.16853,1.16523,False,
2026-01-08 11:17:00+00:00,2026-01-08 14:17:00+00:00,short,1.16753,1.16598,15.499999999999403,AF-CAND-0730,timeout,1.16833,1.16503,False,
2026-01-09 08:36:00+00:00,2026-01-09 08:57:00+00:00,short,1.16414,1.16494,-8.00000000000134,AF-CAND-0730,stop_loss,1.16494,1.16164,False,
2026-01-09 10:24:00+00:00,2026-01-09 10:53:00+00:00,short,1.16387,1.16467,-8.00000000000134,AF-CAND-0730,stop_loss,1.16467,1.16137,False,
2026-01-09 10:54:00+00:00,2026-01-09 12:26:00+00:00,long,1.16472,1.16392,-7.999999999999119,AF-CAND-0730,stop_loss,1.16392,1.16722,False,
2026-01-09 13:37:00+00:00,2026-01-09 13:39:00+00:00,long,1.1656,1.1648,-7.999999999999119,AF-CAND-0730,stop_loss,1.1648,1.1681,False,
2026-01-09 13:57:00+00:00,2026-01-09 14:03:00+00:00,short,1.16431,1.16511,-8.00000000000134,AF-CAND-0730,stop_loss,1.16511,1.16181,False,
2026-01-12 08:26:00+00:00,2026-01-12 08:32:00+00:00,short,1.16761,1.16841,-7.999999999999119,AF-CAND-0730,stop_loss,1.16841,1.16511,False,
2026-01-12 08:35:00+00:00,2026-01-12 11:35:00+00:00,long,1.16825,1.16847,2.1999999999988695,AF-CAND-0730,timeout,1.16745,1.17075,False,
2026-01-12 11:41:00+00:00,2026-01-12 13:07:00+00:00,short,1.16805,1.16885,-7.999999999999119,AF-CAND-0730,stop_loss,1.16885,1.16555,False,
2026-01-12 13:31:00+00:00,2026-01-12 13:46:00+00:00,short,1.16876,1.16956,-7.999999999999119,AF-CAND-0730,stop_loss,1.16956,1.16626,False,
2026-01-12 13:51:00+00:00,2026-01-12 14:02:00+00:00,long,1.16977,1.16897,-7.999999999999119,AF-CAND-0730,stop_loss,1.16897,1.17227,False,
2026-01-13 08:26:00+00:00,2026-01-13 08:59:00+00:00,short,1.16619,1.16699,-7.999999999999119,AF-CAND-0730,stop_loss,1.16699,1.16369,False,
2026-01-13 10:03:00+00:00,2026-01-13 10:25:00+00:00,long,1.16745,1.16665,-8.00000000000134,AF-CAND-0730,stop_loss,1.16665,1.16995,False,
2026-01-13 12:39:00+00:00,2026-01-13 13:30:00+00:00,short,1.16618,1.16698,-7.999999999999119,AF-CAND-0730,stop_loss,1.16698,1.16368,False,
2026-01-13 13:56:00+00:00,2026-01-13 13:59:00+00:00,short,1.16613,1.16693,-7.999999999999119,AF-CAND-0730,stop_loss,1.16693,1.16363,False,
2026-01-14 08:16:00+00:00,2026-01-14 09:15:00+00:00,short,1.16433,1.16513,-7.999999999999119,AF-CAND-0730,stop_loss,1.16513,1.16183,False,
2026-01-14 09:16:00+00:00,2026-01-14 11:57:00+00:00,long,1.16514,1.16434,-8.00000000000134,AF-CAND-0730,stop_loss,1.16434,1.16764,False,
2026-01-14 12:02:00+00:00,2026-01-14 15:02:00+00:00,long,1.16509,1.16527,1.80000000000069,AF-CAND-0730,timeout,1.16429,1.16759,False,
2026-01-15 09:43:00+00:00,2026-01-15 12:43:00+00:00,long,1.16372,1.16319,-5.300000000001415,AF-CAND-0730,timeout,1.16292,1.16622,False,
2026-01-15 12:58:00+00:00,2026-01-15 14:42:00+00:00,short,1.16206,1.15956,25.000000000001688,AF-CAND-0730,take_profit,1.16286,1.15956,False,
2026-01-16 08:13:00+00:00,2026-01-16 10:34:00+00:00,short,1.1609,1.1617,-7.999999999999119,AF-CAND-0730,stop_loss,1.1617,1.1584,False,
2026-01-16 10:36:00+00:00,2026-01-16 13:36:00+00:00,long,1.16169,1.1618,1.100000000000545,AF-CAND-0730,timeout,1.16089,1.16419,False,
2026-01-19 08:07:00+00:00,2026-01-19 09:03:00+00:00,short,1.16227,1.16307,-8.00000000000134,AF-CAND-0730,stop_loss,1.16307,1.15977,False,
2026-01-19 09:12:00+00:00,2026-01-19 10:07:00+00:00,short,1.16204,1.16284,-8.00000000000134,AF-CAND-0730,stop_loss,1.16284,1.15954,False,
2026-01-19 10:10:00+00:00,2026-01-19 11:19:00+00:00,long,1.16279,1.16199,-7.999999999999119,AF-CAND-0730,stop_loss,1.16199,1.16529,False,
2026-01-19 12:42:00+00:00,2026-01-19 12:54:00+00:00,long,1.16334,1.16254,-8.00000000000134,AF-CAND-0730,stop_loss,1.16254,1.16584,False,
2026-01-19 12:59:00+00:00,2026-01-19 13:15:00+00:00,short,1.16247,1.16327,-8.00000000000134,AF-CAND-0730,stop_loss,1.16327,1.15997,False,
2026-01-19 13:22:00+00:00,2026-01-19 16:22:00+00:00,long,1.16338,1.16421,8.299999999998864,AF-CAND-0730,timeout,1.16258,1.16588,False,
2026-01-20 08:10:00+00:00,2026-01-20 09:07:00+00:00,long,1.16975,1.17225,24.999999999999467,AF-CAND-0730,take_profit,1.16895,1.17225,False,
2026-01-20 09:09:00+00:00,2026-01-20 09:14:00+00:00,long,1.17262,1.17182,-7.999999999999119,AF-CAND-0730,stop_loss,1.17182,1.17512,False,
2026-01-20 09:19:00+00:00,2026-01-20 09:30:00+00:00,short,1.1718,1.1726,-8.00000000000134,AF-CAND-0730,stop_loss,1.1726,1.1693,False,
2026-01-20 09:33:00+00:00,2026-01-20 09:48:00+00:00,long,1.17308,1.17228,-7.999999999999119,AF-CAND-0730,stop_loss,1.17228,1.17558,False,
2026-01-20 10:17:00+00:00,2026-01-20 10:38:00+00:00,short,1.1716,1.1724,-8.00000000000134,AF-CAND-0730,stop_loss,1.1724,1.1691,False,
2026-01-20 10:39:00+00:00,2026-01-20 13:34:00+00:00,long,1.17245,1.17495,24.999999999999467,AF-CAND-0730,take_profit,1.17165,1.17495,False,
2026-01-20 13:54:00+00:00,2026-01-20 16:54:00+00:00,short,1.17364,1.17344,1.9999999999997797,AF-CAND-0730,timeout,1.17444,1.17114,False,
2026-01-21 08:05:00+00:00,2026-01-21 11:05:00+00:00,short,1.1712,1.17069,5.1000000000001044,AF-CAND-0730,timeout,1.172,1.1687,False,
2026-01-21 11:25:00+00:00,2026-01-21 13:08:00+00:00,long,1.1712,1.1737,24.999999999999467,AF-CAND-0730,take_profit,1.1704,1.1737,False,
2026-01-21 13:10:00+00:00,2026-01-21 13:19:00+00:00,long,1.17395,1.17315,-8.00000000000134,AF-CAND-0730,stop_loss,1.17315,1.17645,False,
2026-01-21 13:39:00+00:00,2026-01-21 14:05:00+00:00,long,1.17348,1.17268,-8.00000000000134,AF-CAND-0730,stop_loss,1.17268,1.17598,False,
2026-01-22 08:34:00+00:00,2026-01-22 09:22:00+00:00,short,1.16866,1.16946,-7.999999999999119,AF-CAND-0730,stop_loss,1.16946,1.16616,False,
2026-01-22 09:58:00+00:00,2026-01-22 11:13:00+00:00,short,1.16906,1.16986,-7.999999999999119,AF-CAND-0730,stop_loss,1.16986,1.16656,False,
2026-01-22 11:22:00+00:00,2026-01-22 11:31:00+00:00,short,1.16928,1.17008,-7.999999999999119,AF-CAND-0730,stop_loss,1.17008,1.16678,False,
2026-01-22 11:48:00+00:00,2026-01-22 14:48:00+00:00,long,1.17041,1.17202,16.100000000001113,AF-CAND-0730,timeout,1.16961,1.17291,False,
2026-01-23 08:10:00+00:00,2026-01-23 08:38:00+00:00,short,1.17326,1.17406,-8.00000000000134,AF-CAND-0730,stop_loss,1.17406,1.17076,False,
2026-01-23 08:41:00+00:00,2026-01-23 10:03:00+00:00,long,1.17403,1.17323,-7.999999999999119,AF-CAND-0730,stop_loss,1.17323,1.17653,False,
2026-01-23 10:08:00+00:00,2026-01-23 11:49:00+00:00,short,1.17331,1.17411,-7.999999999999119,AF-CAND-0730,stop_loss,1.17411,1.17081,False,
2026-01-23 13:32:00+00:00,2026-01-23 14:54:00+00:00,short,1.17409,1.17489,-7.999999999999119,AF-CAND-0730,stop_loss,1.17489,1.17159,False,
2026-01-26 08:28:00+00:00,2026-01-26 11:28:00+00:00,long,1.18473,1.18486,1.2999999999996348,AF-CAND-0730,timeout,1.18393,1.18723,False,
2026-01-26 12:31:00+00:00,2026-01-26 13:49:00+00:00,short,1.18462,1.18542,-7.999999999999119,AF-CAND-0730,stop_loss,1.18542,1.18212,False,
2026-01-26 13:52:00+00:00,2026-01-26 15:30:00+00:00,long,1.18547,1.18797,24.999999999999467,AF-CAND-0730,take_profit,1.18467,1.18797,False,
2026-01-27 08:04:00+00:00,2026-01-27 09:16:00+00:00,short,1.18606,1.18686,-8.00000000000134,AF-CAND-0730,stop_loss,1.18686,1.18356,False,
2026-01-27 09:18:00+00:00,2026-01-27 11:55:00+00:00,long,1.18682,1.18932,24.999999999999467,AF-CAND-0730,take_profit,1.18602,1.18932,False,
2026-01-27 11:59:00+00:00,2026-01-27 12:26:00+00:00,long,1.1897,1.1922,24.999999999999467,AF-CAND-0730,take_profit,1.1889,1.1922,False,
2026-01-27 12:39:00+00:00,2026-01-27 12:42:00+00:00,short,1.19131,1.19211,-7.999999999999119,AF-CAND-0730,stop_loss,1.19211,1.18881,False,
2026-01-27 13:28:00+00:00,2026-01-27 13:38:00+00:00,short,1.19215,1.19295,-7.999999999999119,AF-CAND-0730,stop_loss,1.19295,1.18965,False,
2026-01-27 13:39:00+00:00,2026-01-27 13:49:00+00:00,long,1.19306,1.19226,-7.999999999999119,AF-CAND-0730,stop_loss,1.19226,1.19556,False,
2026-01-28 09:02:00+00:00,2026-01-28 09:09:00+00:00,long,1.19858,1.19778,-7.999999999999119,AF-CAND-0730,stop_loss,1.19778,1.20108,False,
2026-01-28 09:30:00+00:00,2026-01-28 10:06:00+00:00,long,1.19849,1.19769,-8.00000000000134,AF-CAND-0730,stop_loss,1.19769,1.20099,False,
2026-01-28 10:42:00+00:00,2026-01-28 11:06:00+00:00,long,1.19834,1.19754,-7.999999999999119,AF-CAND-0730,stop_loss,1.19754,1.20084,False,
2026-01-28 11:11:00+00:00,2026-01-28 12:25:00+00:00,short,1.19741,1.19821,-7.999999999999119,AF-CAND-0730,stop_loss,1.19821,1.19491,False,
2026-01-28 12:34:00+00:00,2026-01-28 12:42:00+00:00,long,1.19834,1.19754,-7.999999999999119,AF-CAND-0730,stop_loss,1.19754,1.20084,False,
2026-01-28 12:48:00+00:00,2026-01-28 12:53:00+00:00,short,1.19727,1.19807,-7.999999999999119,AF-CAND-0730,stop_loss,1.19807,1.19477,False,
2026-01-28 12:56:00+00:00,2026-01-28 13:11:00+00:00,long,1.19803,1.19723,-7.999999999999119,AF-CAND-0730,stop_loss,1.19723,1.20053,False,
2026-01-28 13:20:00+00:00,2026-01-28 14:36:00+00:00,short,1.19636,1.19716,-7.999999999999119,AF-CAND-0730,stop_loss,1.19716,1.19386,False,
2026-01-29 08:01:00+00:00,2026-01-29 08:33:00+00:00,long,1.19782,1.19702,-8.00000000000134,AF-CAND-0730,stop_loss,1.19702,1.20032,False,
2026-01-29 09:35:00+00:00,2026-01-29 09:46:00+00:00,long,1.197,1.1962,-8.00000000000134,AF-CAND-0730,stop_loss,1.1962,1.1995,False,
2026-01-29 09:51:00+00:00,2026-01-29 12:51:00+00:00,short,1.19554,1.19552,0.20000000000131024,AF-CAND-0730,timeout,1.19634,1.19304,False,
2026-01-29 12:52:00+00:00,2026-01-29 13:46:00+00:00,long,1.19572,1.19492,-7.999999999999119,AF-CAND-0730,stop_loss,1.19492,1.19822,False,
2026-01-30 09:17:00+00:00,2026-01-30 09:51:00+00:00,short,1.19272,1.19022,24.999999999999467,AF-CAND-0730,take_profit,1.19352,1.19022,False,
2026-01-30 10:05:00+00:00,2026-01-30 11:41:00+00:00,long,1.19134,1.19384,24.999999999999467,AF-CAND-0730,take_profit,1.19054,1.19384,False,
2026-01-30 11:44:00+00:00,2026-01-30 11:48:00+00:00,long,1.1939,1.1931,-7.999999999999119,AF-CAND-0730,stop_loss,1.1931,1.1964,False,
2026-01-30 11:55:00+00:00,2026-01-30 12:39:00+00:00,long,1.19443,1.19363,-8.00000000000134,AF-CAND-0730,stop_loss,1.19363,1.19693,False,
2026-01-30 13:39:00+00:00,2026-01-30 13:42:00+00:00,short,1.19116,1.19196,-7.999999999999119,AF-CAND-0730,stop_loss,1.19196,1.18866,False,
2026-01-30 13:52:00+00:00,2026-01-30 13:58:00+00:00,short,1.19048,1.19128,-7.999999999999119,AF-CAND-0730,stop_loss,1.19128,1.18798,False,
2026-02-02 08:37:00+00:00,2026-02-02 08:39:00+00:00,long,1.18666,1.18586,-8.00000000000134,AF-CAND-0730,stop_loss,1.18586,1.18916,False,
2026-02-02 08:46:00+00:00,2026-02-02 09:50:00+00:00,short,1.18557,1.18637,-7.999999999999119,AF-CAND-0730,stop_loss,1.18637,1.18307,False,
2026-02-02 10:05:00+00:00,2026-02-02 10:12:00+00:00,short,1.18614,1.18694,-8.00000000000134,AF-CAND-0730,stop_loss,1.18694,1.18364,False,
2026-02-02 10:17:00+00:00,2026-02-02 10:35:00+00:00,long,1.18696,1.18616,-7.999999999999119,AF-CAND-0730,stop_loss,1.18616,1.18946,False,
2026-02-02 10:44:00+00:00,2026-02-02 10:56:00+00:00,short,1.186,1.1868,-8.00000000000134,AF-CAND-0730,stop_loss,1.1868,1.1835,False,
2026-02-02 11:37:00+00:00,2026-02-02 11:40:00+00:00,long,1.18705,1.18625,-7.999999999999119,AF-CAND-0730,stop_loss,1.18625,1.18955,False,
2026-02-02 11:44:00+00:00,2026-02-02 12:01:00+00:00,short,1.18612,1.18692,-7.999999999999119,AF-CAND-0730,stop_loss,1.18692,1.18362,False,
2026-02-02 12:14:00+00:00,2026-02-02 13:20:00+00:00,short,1.18564,1.18314,24.999999999999467,AF-CAND-0730,take_profit,1.18644,1.18314,False,
2026-02-02 13:30:00+00:00,2026-02-02 15:13:00+00:00,short,1.18298,1.18048,24.999999999999467,AF-CAND-0730,take_profit,1.18378,1.18048,False,
2026-02-03 08:15:00+00:00,2026-02-03 08:53:00+00:00,short,1.18113,1.18193,-7.999999999999119,AF-CAND-0730,stop_loss,1.18193,1.17863,False,
2026-02-03 08:54:00+00:00,2026-02-03 09:02:00+00:00,long,1.18199,1.18119,-8.00000000000134,AF-CAND-0730,stop_loss,1.18119,1.18449,False,
2026-02-03 09:37:00+00:00,2026-02-03 12:37:00+00:00,short,1.18025,1.17966,5.9000000000009045,AF-CAND-0730,timeout,1.18105,1.17775,False,
2026-02-03 12:58:00+00:00,2026-02-03 13:05:00+00:00,short,1.17943,1.18023,-7.999999999999119,AF-CAND-0730,stop_loss,1.18023,1.17693,False,
2026-02-03 13:14:00+00:00,2026-02-03 13:21:00+00:00,long,1.1805,1.1797,-8.00000000000134,AF-CAND-0730,stop_loss,1.1797,1.183,False,
2026-02-03 13:48:00+00:00,2026-02-03 14:00:00+00:00,long,1.18014,1.17934,-7.999999999999119,AF-CAND-0730,stop_loss,1.17934,1.18264,False,
2026-02-04 08:23:00+00:00,2026-02-04 11:23:00+00:00,short,1.18292,1.18091,20.100000000000673,AF-CAND-0730,timeout,1.18372,1.18042,False,
2026-02-04 11:40:00+00:00,2026-02-04 14:08:00+00:00,long,1.18154,1.18074,-8.00000000000134,AF-CAND-0730,stop_loss,1.18074,1.18404,False,
2026-02-05 08:33:00+00:00,2026-02-05 11:33:00+00:00,short,1.18011,1.17937,7.399999999999629,AF-CAND-0730,timeout,1.18091,1.17761,False,
2026-02-05 12:19:00+00:00,2026-02-05 12:30:00+00:00,short,1.17894,1.17974,-7.999999999999119,AF-CAND-0730,stop_loss,1.17974,1.17644,False,
2026-02-05 12:31:00+00:00,2026-02-05 12:32:00+00:00,long,1.18003,1.17923,-7.999999999999119,AF-CAND-0730,stop_loss,1.17923,1.18253,False,
2026-02-05 13:52:00+00:00,2026-02-05 14:02:00+00:00,long,1.181,1.1802,-8.00000000000134,AF-CAND-0730,stop_loss,1.1802,1.1835,False,
2026-02-06 08:11:00+00:00,2026-02-06 08:57:00+00:00,short,1.17872,1.17952,-7.999999999999119,AF-CAND-0730,stop_loss,1.17952,1.17622,False,
2026-02-06 09:36:00+00:00,2026-02-06 10:30:00+00:00,long,1.17981,1.17901,-8.00000000000134,AF-CAND-0730,stop_loss,1.17901,1.18231,False,
2026-02-06 10:52:00+00:00,2026-02-06 13:01:00+00:00,short,1.179,1.1798,-7.999999999999119,AF-CAND-0730,stop_loss,1.1798,1.1765,False,
2026-02-06 13:23:00+00:00,2026-02-06 14:42:00+00:00,long,1.17986,1.18236,25.000000000001688,AF-CAND-0730,take_profit,1.17906,1.18236,False,
2026-02-09 08:11:00+00:00,2026-02-09 08:25:00+00:00,long,1.18619,1.18539,-8.00000000000134,AF-CAND-0730,stop_loss,1.18539,1.18869,False,
2026-02-09 08:31:00+00:00,2026-02-09 08:42:00+00:00,short,1.18525,1.18605,-8.00000000000134,AF-CAND-0730,stop_loss,1.18605,1.18275,False,
2026-02-09 08:45:00+00:00,2026-02-09 11:45:00+00:00,long,1.18597,1.18684,8.699999999999264,AF-CAND-0730,timeout,1.18517,1.18847,False,
2026-02-09 11:56:00+00:00,2026-02-09 13:24:00+00:00,long,1.18723,1.18973,24.999999999999467,AF-CAND-0730,take_profit,1.18643,1.18973,False,
2026-02-09 13:52:00+00:00,2026-02-09 15:00:00+00:00,long,1.18997,1.19247,24.999999999999467,AF-CAND-0730,take_profit,1.18917,1.19247,False,
2026-02-10 08:18:00+00:00,2026-02-10 08:40:00+00:00,short,1.19053,1.19133,-7.999999999999119,AF-CAND-0730,stop_loss,1.19133,1.18803,False,
2026-02-10 08:42:00+00:00,2026-02-10 08:58:00+00:00,long,1.19157,1.19077,-7.999999999999119,AF-CAND-0730,stop_loss,1.19077,1.19407,False,
2026-02-10 09:08:00+00:00,2026-02-10 11:11:00+00:00,long,1.19142,1.19062,-7.999999999999119,AF-CAND-0730,stop_loss,1.19062,1.19392,False,
2026-02-10 11:29:00+00:00,2026-02-10 13:35:00+00:00,short,1.19018,1.19098,-7.999999999999119,AF-CAND-0730,stop_loss,1.19098,1.18768,False,
2026-02-11 08:02:00+00:00,2026-02-11 09:12:00+00:00,long,1.19199,1.19119,-8.00000000000134,AF-CAND-0730,stop_loss,1.19119,1.19449,False,
2026-02-11 09:13:00+00:00,2026-02-11 09:30:00+00:00,short,1.19097,1.19177,-7.999999999999119,AF-CAND-0730,stop_loss,1.19177,1.18847,False,
2026-02-11 09:32:00+00:00,2026-02-11 11:34:00+00:00,long,1.19177,1.19097,-7.999999999999119,AF-CAND-0730,stop_loss,1.19097,1.19427,False,
2026-02-11 11:37:00+00:00,2026-02-11 13:30:00+00:00,short,1.19105,1.18855,24.999999999999467,AF-CAND-0730,take_profit,1.19185,1.18855,False,
2026-02-12 08:07:00+00:00,2026-02-12 11:07:00+00:00,long,1.18771,1.18757,-1.40000000000029,AF-CAND-0730,timeout,1.18691,1.19021,False,
2026-02-12 11:44:00+00:00,2026-02-12 11:53:00+00:00,short,1.18763,1.18843,-8.00000000000134,AF-CAND-0730,stop_loss,1.18843,1.18513,False,
2026-02-12 12:01:00+00:00,2026-02-12 12:21:00+00:00,long,1.18865,1.18785,-7.999999999999119,AF-CAND-0730,stop_loss,1.18785,1.19115,False,
2026-02-12 12:40:00+00:00,2026-02-12 13:38:00+00:00,short,1.18769,1.18849,-8.00000000000134,AF-CAND-0730,stop_loss,1.18849,1.18519,False,
2026-02-12 13:58:00+00:00,2026-02-12 14:14:00+00:00,long,1.18852,1.18772,-7.999999999999119,AF-CAND-0730,stop_loss,1.18772,1.19102,False,
2026-02-13 11:03:00+00:00,2026-02-13 14:03:00+00:00,long,1.18602,1.1871,10.799999999999699,AF-CAND-0730,timeout,1.18522,1.18852,False,
2026-02-16 08:04:00+00:00,2026-02-16 08:25:00+00:00,long,1.18678,1.18598,-7.999999999999119,AF-CAND-0730,stop_loss,1.18598,1.18928,False,
2026-02-16 08:42:00+00:00,2026-02-16 08:56:00+00:00,short,1.18582,1.18662,-7.999999999999119,AF-CAND-0730,stop_loss,1.18662,1.18332,False,
2026-02-16 09:08:00+00:00,2026-02-16 10:06:00+00:00,long,1.18693,1.18613,-8.00000000000134,AF-CAND-0730,stop_loss,1.18613,1.18943,False,
2026-02-16 13:05:00+00:00,2026-02-16 13:21:00+00:00,long,1.18571,1.18491,-8.00000000000134,AF-CAND-0730,stop_loss,1.18491,1.18821,False,
2026-02-16 13:52:00+00:00,2026-02-16 15:50:00+00:00,long,1.1858,1.185,-7.999999999999119,AF-CAND-0730,stop_loss,1.185,1.1883,False,
2026-02-17 10:27:00+00:00,2026-02-17 11:35:00+00:00,long,1.18459,1.18379,-8.00000000000134,AF-CAND-0730,stop_loss,1.18379,1.18709,False,
2026-02-17 12:13:00+00:00,2026-02-17 12:27:00+00:00,long,1.18358,1.18278,-8.00000000000134,AF-CAND-0730,stop_loss,1.18278,1.18608,False,
2026-02-17 13:19:00+00:00,2026-02-17 16:19:00+00:00,short,1.18225,1.18249,-2.4000000000001798,AF-CAND-0730,timeout,1.18305,1.17975,False,
2026-02-18 08:07:00+00:00,2026-02-18 09:09:00+00:00,short,1.18312,1.18392,-8.00000000000134,AF-CAND-0730,stop_loss,1.18392,1.18062,False,
2026-02-18 09:42:00+00:00,2026-02-18 09:51:00+00:00,short,1.18281,1.18361,-8.00000000000134,AF-CAND-0730,stop_loss,1.18361,1.18031,False,
2026-02-18 09:57:00+00:00,2026-02-18 11:16:00+00:00,long,1.18379,1.18299,-7.999999999999119,AF-CAND-0730,stop_loss,1.18299,1.18629,False,
2026-02-18 12:30:00+00:00,2026-02-18 13:30:00+00:00,long,1.18435,1.18355,-7.999999999999119,AF-CAND-0730,stop_loss,1.18355,1.18685,False,
2026-02-18 13:36:00+00:00,2026-02-18 16:36:00+00:00,short,1.18339,1.18183,15.600000000000058,AF-CAND-0730,timeout,1.18419,1.18089,False,
2026-02-19 08:11:00+00:00,2026-02-19 09:07:00+00:00,short,1.17982,1.18062,-7.999999999999119,AF-CAND-0730,stop_loss,1.18062,1.17732,False,
2026-02-19 09:15:00+00:00,2026-02-19 09:19:00+00:00,long,1.18079,1.17999,-7.999999999999119,AF-CAND-0730,stop_loss,1.17999,1.18329,False,
2026-02-19 09:21:00+00:00,2026-02-19 12:15:00+00:00,short,1.18013,1.17763,24.999999999999467,AF-CAND-0730,take_profit,1.18093,1.17763,False,
2026-02-19 12:35:00+00:00,2026-02-19 12:37:00+00:00,long,1.17797,1.17717,-7.999999999999119,AF-CAND-0730,stop_loss,1.17717,1.18047,False,
2026-02-19 12:53:00+00:00,2026-02-19 15:47:00+00:00,short,1.17676,1.17756,-7.999999999999119,AF-CAND-0730,stop_loss,1.17756,1.17426,False,
2026-02-20 08:07:00+00:00,2026-02-20 08:26:00+00:00,short,1.17496,1.17576,-7.999999999999119,AF-CAND-0730,stop_loss,1.17576,1.17246,False,
2026-02-20 08:54:00+00:00,2026-02-20 11:54:00+00:00,long,1.17639,1.17681,4.199999999998649,AF-CAND-0730,timeout,1.17559,1.17889,False,
2026-02-20 12:11:00+00:00,2026-02-20 13:26:00+00:00,short,1.17649,1.17729,-7.999999999999119,AF-CAND-0730,stop_loss,1.17729,1.17399,False,
2026-02-20 13:58:00+00:00,2026-02-20 14:03:00+00:00,long,1.17695,1.17615,-7.999999999999119,AF-CAND-0730,stop_loss,1.17615,1.17945,False,
2026-02-23 08:03:00+00:00,2026-02-23 11:03:00+00:00,short,1.18198,1.17983,21.500000000000963,AF-CAND-0730,timeout,1.18278,1.17948,False,
2026-02-23 11:09:00+00:00,2026-02-23 14:09:00+00:00,short,1.17927,1.17997,-6.999999999999229,AF-CAND-0730,timeout,1.18007,1.17677,False,
2026-02-24 08:11:00+00:00,2026-02-24 08:21:00+00:00,short,1.17744,1.17824,-7.999999999999119,AF-CAND-0730,stop_loss,1.17824,1.17494,False,
2026-02-24 09:14:00+00:00,2026-02-24 10:16:00+00:00,long,1.17897,1.17817,-8.00000000000134,AF-CAND-0730,stop_loss,1.17817,1.18147,False,
2026-02-24 10:33:00+00:00,2026-02-24 11:03:00+00:00,long,1.17888,1.17808,-7.999999999999119,AF-CAND-0730,stop_loss,1.17808,1.18138,False,
2026-02-24 11:07:00+00:00,2026-02-24 14:07:00+00:00,short,1.17801,1.1777,3.1000000000003247,AF-CAND-0730,timeout,1.17881,1.17551,False,
2026-02-25 08:02:00+00:00,2026-02-25 11:02:00+00:00,short,1.17963,1.17796,16.700000000000603,AF-CAND-0730,timeout,1.18043,1.17713,False,
2026-02-25 11:20:00+00:00,2026-02-25 12:18:00+00:00,short,1.17747,1.17827,-7.999999999999119,AF-CAND-0730,stop_loss,1.17827,1.17497,False,
2026-02-25 12:48:00+00:00,2026-02-25 13:49:00+00:00,long,1.17863,1.17783,-8.00000000000134,AF-CAND-0730,stop_loss,1.17783,1.18113,False,
2026-02-25 13:57:00+00:00,2026-02-25 14:22:00+00:00,short,1.17745,1.17825,-7.999999999999119,AF-CAND-0730,stop_loss,1.17825,1.17495,False,
2026-02-26 08:09:00+00:00,2026-02-26 11:09:00+00:00,short,1.18042,1.18051,-0.8999999999992347,AF-CAND-0730,timeout,1.18122,1.17792,False,
2026-02-26 12:17:00+00:00,2026-02-26 15:17:00+00:00,long,1.18062,1.17995,-6.699999999999484,AF-CAND-0730,timeout,1.17982,1.18312,False,
2026-02-27 08:01:00+00:00,2026-02-27 08:36:00+00:00,long,1.18191,1.18111,-7.999999999999119,AF-CAND-0730,stop_loss,1.18111,1.18441,False,
2026-02-27 09:09:00+00:00,2026-02-27 12:09:00+00:00,short,1.18036,1.18056,-1.9999999999997797,AF-CAND-0730,timeout,1.18116,1.17786,False,
2026-02-27 12:17:00+00:00,2026-02-27 12:48:00+00:00,long,1.18064,1.17984,-7.999999999999119,AF-CAND-0730,stop_loss,1.17984,1.18314,False,
2026-02-27 13:08:00+00:00,2026-02-27 13:30:00+00:00,long,1.18059,1.17979,-8.00000000000134,AF-CAND-0730,stop_loss,1.17979,1.18309,False,
2026-02-27 13:42:00+00:00,2026-02-27 14:11:00+00:00,short,1.17915,1.17995,-8.00000000000134,AF-CAND-0730,stop_loss,1.17995,1.17665,False,
2026-03-02 08:21:00+00:00,2026-03-02 08:43:00+00:00,short,1.17056,1.17136,-7.999999999999119,AF-CAND-0730,stop_loss,1.17136,1.16806,False,
2026-03-02 09:47:00+00:00,2026-03-02 10:17:00+00:00,short,1.17347,1.17427,-7.999999999999119,AF-CAND-0730,stop_loss,1.17427,1.17097,False,
2026-03-02 10:27:00+00:00,2026-03-02 10:47:00+00:00,long,1.17467,1.17387,-8.00000000000134,AF-CAND-0730,stop_loss,1.17387,1.17717,False,
2026-03-02 10:53:00+00:00,2026-03-02 12:46:00+00:00,short,1.17377,1.17127,24.999999999999467,AF-CAND-0730,take_profit,1.17457,1.17127,False,
2026-03-02 13:07:00+00:00,2026-03-02 13:17:00+00:00,short,1.17018,1.17098,-7.999999999999119,AF-CAND-0730,stop_loss,1.17098,1.16768,False,
2026-03-02 13:18:00+00:00,2026-03-02 13:37:00+00:00,long,1.17111,1.17031,-8.00000000000134,AF-CAND-0730,stop_loss,1.17031,1.17361,False,
2026-03-03 08:02:00+00:00,2026-03-03 09:22:00+00:00,short,1.16423,1.16173,25.000000000001688,AF-CAND-0730,take_profit,1.16503,1.16173,False,
2026-03-03 09:23:00+00:00,2026-03-03 10:38:00+00:00,short,1.16154,1.15904,24.999999999999467,AF-CAND-0730,take_profit,1.16234,1.15904,False,
2026-03-03 10:59:00+00:00,2026-03-03 11:05:00+00:00,short,1.15914,1.15994,-7.999999999999119,AF-CAND-0730,stop_loss,1.15994,1.15664,False,
2026-03-03 11:10:00+00:00,2026-03-03 11:40:00+00:00,short,1.15871,1.15951,-8.00000000000134,AF-CAND-0730,stop_loss,1.15951,1.15621,False,
2026-03-03 11:47:00+00:00,2026-03-03 12:01:00+00:00,long,1.15996,1.15916,-8.00000000000134,AF-CAND-0730,stop_loss,1.15916,1.16246,False,
2026-03-03 12:10:00+00:00,2026-03-03 13:52:00+00:00,long,1.16002,1.15922,-8.00000000000134,AF-CAND-0730,stop_loss,1.15922,1.16252,False,
2026-03-04 08:02:00+00:00,2026-03-04 10:08:00+00:00,short,1.16132,1.16212,-8.00000000000134,AF-CAND-0730,stop_loss,1.16212,1.15882,False,
2026-03-04 11:18:00+00:00,2026-03-04 11:32:00+00:00,long,1.16492,1.16412,-7.999999999999119,AF-CAND-0730,stop_loss,1.16412,1.16742,False,
2026-03-04 11:34:00+00:00,2026-03-04 12:04:00+00:00,short,1.16382,1.16462,-7.999999999999119,AF-CAND-0730,stop_loss,1.16462,1.16132,False,
2026-03-04 12:05:00+00:00,2026-03-04 12:25:00+00:00,long,1.16445,1.16365,-7.999999999999119,AF-CAND-0730,stop_loss,1.16365,1.16695,False,
2026-03-04 12:27:00+00:00,2026-03-04 13:03:00+00:00,short,1.16323,1.16403,-7.999999999999119,AF-CAND-0730,stop_loss,1.16403,1.16073,False,
2026-03-04 13:06:00+00:00,2026-03-04 13:23:00+00:00,long,1.16457,1.16377,-8.00000000000134,AF-CAND-0730,stop_loss,1.16377,1.16707,False,
2026-03-04 13:46:00+00:00,2026-03-04 16:03:00+00:00,short,1.16366,1.16446,-8.00000000000134,AF-CAND-0730,stop_loss,1.16446,1.16116,False,
2026-03-05 08:23:00+00:00,2026-03-05 08:38:00+00:00,short,1.15853,1.15933,-7.999999999999119,AF-CAND-0730,stop_loss,1.15933,1.15603,False,
2026-03-05 09:15:00+00:00,2026-03-05 09:16:00+00:00,long,1.16419,1.16339,-8.00000000000134,AF-CAND-0730,stop_loss,1.16339,1.16669,False,
2026-03-05 09:41:00+00:00,2026-03-05 09:49:00+00:00,short,1.16161,1.16241,-7.999999999999119,AF-CAND-0730,stop_loss,1.16241,1.15911,False,
2026-03-05 10:01:00+00:00,2026-03-05 10:31:00+00:00,long,1.16242,1.16162,-7.999999999999119,AF-CAND-0730,stop_loss,1.16162,1.16492,False,
2026-03-05 10:38:00+00:00,2026-03-05 12:20:00+00:00,short,1.16147,1.16227,-7.999999999999119,AF-CAND-0730,stop_loss,1.16227,1.15897,False,
2026-03-05 12:52:00+00:00,2026-03-05 12:56:00+00:00,short,1.16117,1.16197,-7.999999999999119,AF-CAND-0730,stop_loss,1.16197,1.15867,False,
2026-03-05 13:15:00+00:00,2026-03-05 13:22:00+00:00,long,1.16231,1.16151,-7.999999999999119,AF-CAND-0730,stop_loss,1.16151,1.16481,False,
2026-03-06 08:03:00+00:00,2026-03-06 09:23:00+00:00,short,1.16095,1.15845,24.999999999999467,AF-CAND-0730,take_profit,1.16175,1.15845,False,
2026-03-06 09:24:00+00:00,2026-03-06 12:04:00+00:00,short,1.15847,1.15597,25.000000000001688,AF-CAND-0730,take_profit,1.15927,1.15597,False,
2026-03-06 12:31:00+00:00,2026-03-06 12:49:00+00:00,long,1.15644,1.15564,-7.999999999999119,AF-CAND-0730,stop_loss,1.15564,1.15894,False,
2026-03-06 13:16:00+00:00,2026-03-06 13:30:00+00:00,long,1.15663,1.15913,24.999999999999467,AF-CAND-0730,take_profit,1.15583,1.15913,False,
2026-03-09 08:28:00+00:00,2026-03-09 08:58:00+00:00,short,1.15259,1.15339,-7.999999999999119,AF-CAND-0730,stop_loss,1.15339,1.15009,False,
2026-03-09 08:59:00+00:00,2026-03-09 09:32:00+00:00,long,1.1533,1.1558,24.999999999999467,AF-CAND-0730,take_profit,1.1525,1.1558,False,
2026-03-09 12:38:00+00:00,2026-03-09 13:11:00+00:00,short,1.15595,1.15675,-7.999999999999119,AF-CAND-0730,stop_loss,1.15675,1.15345,False,
2026-03-09 13:30:00+00:00,2026-03-09 13:55:00+00:00,long,1.15785,1.15705,-8.00000000000134,AF-CAND-0730,stop_loss,1.15705,1.16035,False,
2026-03-10 08:37:00+00:00,2026-03-10 08:40:00+00:00,short,1.16493,1.16573,-7.999999999999119,AF-CAND-0730,stop_loss,1.16573,1.16243,False,
2026-03-10 08:53:00+00:00,2026-03-10 09:13:00+00:00,short,1.16486,1.16566,-7.999999999999119,AF-CAND-0730,stop_loss,1.16566,1.16236,False,
2026-03-10 09:46:00+00:00,2026-03-10 09:47:00+00:00,long,1.16592,1.16512,-8.00000000000134,AF-CAND-0730,stop_loss,1.16512,1.16842,False,
2026-03-10 10:56:00+00:00,2026-03-10 12:05:00+00:00,long,1.16366,1.16286,-7.999999999999119,AF-CAND-0730,stop_loss,1.16286,1.16616,False,
2026-03-10 12:20:00+00:00,2026-03-10 15:20:00+00:00,long,1.16292,1.16485,19.299999999999873,AF-CAND-0730,timeout,1.16212,1.16542,False,
2026-03-11 08:34:00+00:00,2026-03-11 08:42:00+00:00,long,1.16167,1.16087,-7.999999999999119,AF-CAND-0730,stop_loss,1.16087,1.16417,False,
2026-03-11 08:45:00+00:00,2026-03-11 08:59:00+00:00,short,1.16058,1.16138,-8.00000000000134,AF-CAND-0730,stop_loss,1.16138,1.15808,False,
2026-03-11 09:27:00+00:00,2026-03-11 09:33:00+00:00,short,1.15927,1.16007,-7.999999999999119,AF-CAND-0730,stop_loss,1.16007,1.15677,False,
2026-03-11 09:55:00+00:00,2026-03-11 10:04:00+00:00,short,1.15911,1.15991,-7.999999999999119,AF-CAND-0730,stop_loss,1.15991,1.15661,False,
2026-03-11 10:20:00+00:00,2026-03-11 11:46:00+00:00,long,1.16048,1.15968,-7.999999999999119,AF-CAND-0730,stop_loss,1.15968,1.16298,False,
2026-03-11 12:01:00+00:00,2026-03-11 12:29:00+00:00,short,1.15947,1.16027,-7.999999999999119,AF-CAND-0730,stop_loss,1.16027,1.15697,False,
2026-03-11 12:34:00+00:00,2026-03-11 14:00:00+00:00,short,1.15906,1.15986,-7.999999999999119,AF-CAND-0730,stop_loss,1.15986,1.15656,False,
2026-03-12 08:00:00+00:00,2026-03-12 08:48:00+00:00,long,1.1552,1.1544,-7.999999999999119,AF-CAND-0730,stop_loss,1.1544,1.1577,False,
2026-03-12 08:56:00+00:00,2026-03-12 09:23:00+00:00,short,1.15433,1.15513,-7.999999999999119,AF-CAND-0730,stop_loss,1.15513,1.15183,False,
2026-03-12 09:32:00+00:00,2026-03-12 10:24:00+00:00,long,1.15578,1.15498,-8.00000000000134,AF-CAND-0730,stop_loss,1.15498,1.15828,False,
2026-03-12 10:30:00+00:00,2026-03-12 10:30:00+00:00,short,1.15487,1.15567,-7.999999999999119,AF-CAND-0730,stop_loss,1.15567,1.15237,False,
2026-03-12 11:14:00+00:00,2026-03-12 11:52:00+00:00,long,1.15612,1.15532,-8.00000000000134,AF-CAND-0730,stop_loss,1.15532,1.15862,False,
2026-03-12 11:54:00+00:00,2026-03-12 13:19:00+00:00,short,1.15544,1.15294,24.999999999999467,AF-CAND-0730,take_profit,1.15624,1.15294,False,
2026-03-13 08:56:00+00:00,2026-03-13 09:00:00+00:00,short,1.14393,1.14473,-8.00000000000134,AF-CAND-0730,stop_loss,1.14473,1.14143,False,
2026-03-13 09:43:00+00:00,2026-03-13 10:04:00+00:00,short,1.14542,1.14622,-7.999999999999119,AF-CAND-0730,stop_loss,1.14622,1.14292,False,
2026-03-13 10:20:00+00:00,2026-03-13 10:48:00+00:00,short,1.14577,1.14657,-8.00000000000134,AF-CAND-0730,stop_loss,1.14657,1.14327,False,
2026-03-13 11:39:00+00:00,2026-03-13 11:45:00+00:00,short,1.14588,1.14668,-7.999999999999119,AF-CAND-0730,stop_loss,1.14668,1.14338,False,
2026-03-13 11:50:00+00:00,2026-03-13 14:50:00+00:00,long,1.14679,1.14628,-5.1000000000001044,AF-CAND-0730,timeout,1.14599,1.14929,False,
2026-03-16 08:08:00+00:00,2026-03-16 10:13:00+00:00,long,1.1433,1.1458,24.999999999999467,AF-CAND-0730,take_profit,1.1425,1.1458,False,
2026-03-16 10:23:00+00:00,2026-03-16 13:23:00+00:00,long,1.14745,1.14802,5.699999999999594,AF-CAND-0730,timeout,1.14665,1.14995,False,
2026-03-16 13:45:00+00:00,2026-03-16 14:46:00+00:00,long,1.14895,1.14815,-7.999999999999119,AF-CAND-0730,stop_loss,1.14815,1.15145,False,
2026-03-17 08:16:00+00:00,2026-03-17 08:25:00+00:00,short,1.14885,1.14965,-8.00000000000134,AF-CAND-0730,stop_loss,1.14965,1.14635,False,
2026-03-17 08:40:00+00:00,2026-03-17 11:40:00+00:00,long,1.15026,1.15136,10.999999999998789,AF-CAND-0730,timeout,1.14946,1.15276,False,
2026-03-17 11:57:00+00:00,2026-03-17 12:06:00+00:00,short,1.15071,1.15151,-8.00000000000134,AF-CAND-0730,stop_loss,1.15151,1.14821,False,
2026-03-17 12:15:00+00:00,2026-03-17 12:22:00+00:00,long,1.15231,1.15151,-7.999999999999119,AF-CAND-0730,stop_loss,1.15151,1.15481,False,
2026-03-17 12:37:00+00:00,2026-03-17 15:37:00+00:00,long,1.15212,1.15199,-1.2999999999996348,AF-CAND-0730,timeout,1.15132,1.15462,False,
2026-03-18 08:28:00+00:00,2026-03-18 08:35:00+00:00,short,1.15186,1.15266,-7.999999999999119,AF-CAND-0730,stop_loss,1.15266,1.14936,False,
2026-03-18 08:36:00+00:00,2026-03-18 11:17:00+00:00,long,1.15252,1.15502,24.999999999999467,AF-CAND-0730,take_profit,1.15172,1.15502,False,
2026-03-18 11:18:00+00:00,2026-03-18 11:26:00+00:00,long,1.15524,1.15444,-8.00000000000134,AF-CAND-0730,stop_loss,1.15444,1.15774,False,
2026-03-18 11:52:00+00:00,2026-03-18 12:07:00+00:00,long,1.15446,1.15366,-8.00000000000134,AF-CAND-0730,stop_loss,1.15366,1.15696,False,
2026-03-18 12:12:00+00:00,2026-03-18 12:57:00+00:00,short,1.15335,1.15085,25.000000000001688,AF-CAND-0730,take_profit,1.15415,1.15085,False,
2026-03-18 13:04:00+00:00,2026-03-18 13:38:00+00:00,short,1.15033,1.15113,-7.999999999999119,AF-CAND-0730,stop_loss,1.15113,1.14783,False,
2026-03-18 13:40:00+00:00,2026-03-18 13:43:00+00:00,long,1.15116,1.15036,-7.999999999999119,AF-CAND-0730,stop_loss,1.15036,1.15366,False,
2026-03-19 08:55:00+00:00,2026-03-19 09:21:00+00:00,long,1.14522,1.14772,25.000000000001688,AF-CAND-0730,take_profit,1.14442,1.14772,False,
2026-03-19 09:24:00+00:00,2026-03-19 09:25:00+00:00,long,1.14778,1.14698,-7.999999999999119,AF-CAND-0730,stop_loss,1.14698,1.15028,False,
2026-03-19 09:30:00+00:00,2026-03-19 09:32:00+00:00,short,1.14602,1.14682,-7.999999999999119,AF-CAND-0730,stop_loss,1.14682,1.14352,False,
2026-03-19 10:05:00+00:00,2026-03-19 12:07:00+00:00,short,1.14756,1.14836,-8.00000000000134,AF-CAND-0730,stop_loss,1.14836,1.14506,False,
2026-03-19 12:37:00+00:00,2026-03-19 13:30:00+00:00,long,1.14803,1.14723,-8.00000000000134,AF-CAND-0730,stop_loss,1.14723,1.15053,False,
2026-03-19 13:34:00+00:00,2026-03-19 13:35:00+00:00,short,1.14731,1.14811,-7.999999999999119,AF-CAND-0730,stop_loss,1.14811,1.14481,False,
2026-03-19 13:42:00+00:00,2026-03-19 13:42:00+00:00,long,1.14898,1.14818,-7.999999999999119,AF-CAND-0730,stop_loss,1.14818,1.15148,False,
2026-03-20 08:33:00+00:00,2026-03-20 10:00:00+00:00,short,1.15723,1.15473,24.999999999999467,AF-CAND-0730,take_profit,1.15803,1.15473,False,
2026-03-20 10:36:00+00:00,2026-03-20 11:39:00+00:00,long,1.15473,1.15723,24.999999999999467,AF-CAND-0730,take_profit,1.15393,1.15723,False,
2026-03-20 12:12:00+00:00,2026-03-20 12:40:00+00:00,long,1.15771,1.15691,-7.999999999999119,AF-CAND-0730,stop_loss,1.15691,1.16021,False,
2026-03-20 13:04:00+00:00,2026-03-20 14:18:00+00:00,short,1.15608,1.15358,24.999999999999467,AF-CAND-0730,take_profit,1.15688,1.15358,False,
2026-03-23 08:09:00+00:00,2026-03-23 09:00:00+00:00,long,1.15341,1.15261,-8.00000000000134,AF-CAND-0730,stop_loss,1.15261,1.15591,False,
2026-03-23 09:05:00+00:00,2026-03-23 09:44:00+00:00,short,1.15255,1.15005,24.999999999999467,AF-CAND-0730,take_profit,1.15335,1.15005,False,
2026-03-23 09:49:00+00:00,2026-03-23 11:05:00+00:00,short,1.14952,1.15032,-7.999999999999119,AF-CAND-0730,stop_loss,1.15032,1.14702,False,
2026-03-23 11:56:00+00:00,2026-03-23 12:09:00+00:00,short,1.15575,1.15655,-7.999999999999119,AF-CAND-0730,stop_loss,1.15655,1.15325,False,
2026-03-23 12:33:00+00:00,2026-03-23 12:33:00+00:00,short,1.15625,1.15705,-7.999999999999119,AF-CAND-0730,stop_loss,1.15705,1.15375,False,
2026-03-23 12:47:00+00:00,2026-03-23 13:08:00+00:00,long,1.16013,1.15933,-8.00000000000134,AF-CAND-0730,stop_loss,1.15933,1.16263,False,
2026-03-23 13:32:00+00:00,2026-03-23 13:35:00+00:00,long,1.15894,1.15814,-8.00000000000134,AF-CAND-0730,stop_loss,1.15814,1.16144,False,
2026-03-24 08:12:00+00:00,2026-03-24 11:12:00+00:00,short,1.15996,1.16004,-0.7999999999985796,AF-CAND-0730,timeout,1.16076,1.15746,False,
2026-03-24 11:52:00+00:00,2026-03-24 12:52:00+00:00,short,1.15877,1.15957,-7.999999999999119,AF-CAND-0730,stop_loss,1.15957,1.15627,False,
2026-03-25 08:15:00+00:00,2026-03-25 09:18:00+00:00,long,1.16074,1.15994,-8.00000000000134,AF-CAND-0730,stop_loss,1.15994,1.16324,False,
2026-03-25 09:24:00+00:00,2026-03-25 10:02:00+00:00,short,1.15985,1.16065,-7.999999999999119,AF-CAND-0730,stop_loss,1.16065,1.15735,False,
2026-03-25 10:24:00+00:00,2026-03-25 11:00:00+00:00,short,1.15985,1.16065,-7.999999999999119,AF-CAND-0730,stop_loss,1.16065,1.15735,False,
2026-03-25 11:15:00+00:00,2026-03-25 12:07:00+00:00,short,1.16045,1.16125,-7.999999999999119,AF-CAND-0730,stop_loss,1.16125,1.15795,False,
2026-03-25 12:12:00+00:00,2026-03-25 12:16:00+00:00,long,1.16139,1.16059,-7.999999999999119,AF-CAND-0730,stop_loss,1.16059,1.16389,False,
2026-03-25 13:17:00+00:00,2026-03-25 16:07:00+00:00,short,1.15867,1.15617,25.000000000001688,AF-CAND-0730,take_profit,1.15947,1.15617,False,
2026-03-26 08:18:00+00:00,2026-03-26 11:14:00+00:00,long,1.15587,1.15507,-7.999999999999119,AF-CAND-0730,stop_loss,1.15507,1.15837,False,
2026-03-26 11:17:00+00:00,2026-03-26 11:57:00+00:00,short,1.15511,1.15261,25.000000000001688,AF-CAND-0730,take_profit,1.15591,1.15261,False,
2026-03-26 13:06:00+00:00,2026-03-26 15:43:00+00:00,long,1.15388,1.15308,-7.999999999999119,AF-CAND-0730,stop_loss,1.15308,1.15638,False,
2026-03-27 08:00:00+00:00,2026-03-27 08:42:00+00:00,short,1.15179,1.15259,-7.999999999999119,AF-CAND-0730,stop_loss,1.15259,1.14929,False,
2026-03-27 09:25:00+00:00,2026-03-27 10:40:00+00:00,long,1.15221,1.15141,-7.999999999999119,AF-CAND-0730,stop_loss,1.15141,1.15471,False,
2026-03-27 10:58:00+00:00,2026-03-27 12:46:00+00:00,short,1.15103,1.15183,-7.999999999999119,AF-CAND-0730,stop_loss,1.15183,1.14853,False,
2026-03-27 13:40:00+00:00,2026-03-27 15:57:00+00:00,long,1.1528,1.152,-8.00000000000134,AF-CAND-0730,stop_loss,1.152,1.1553,False,
2026-03-30 09:34:00+00:00,2026-03-30 09:42:00+00:00,short,1.14847,1.14927,-7.999999999999119,AF-CAND-0730,stop_loss,1.14927,1.14597,False,
2026-03-30 09:45:00+00:00,2026-03-30 11:02:00+00:00,long,1.1495,1.1487,-7.999999999999119,AF-CAND-0730,stop_loss,1.1487,1.152,False,
2026-03-30 12:11:00+00:00,2026-03-30 12:49:00+00:00,short,1.14808,1.14888,-7.999999999999119,AF-CAND-0730,stop_loss,1.14888,1.14558,False,
2026-03-30 13:28:00+00:00,2026-03-30 15:09:00+00:00,short,1.14794,1.14544,24.999999999999467,AF-CAND-0730,take_profit,1.14874,1.14544,False,
2026-03-31 09:01:00+00:00,2026-03-31 09:23:00+00:00,short,1.14645,1.14725,-8.00000000000134,AF-CAND-0730,stop_loss,1.14725,1.14395,False,
2026-03-31 09:24:00+00:00,2026-03-31 09:55:00+00:00,long,1.14732,1.14652,-7.999999999999119,AF-CAND-0730,stop_loss,1.14652,1.14982,False,
2026-03-31 10:32:00+00:00,2026-03-31 10:48:00+00:00,long,1.14684,1.14604,-8.00000000000134,AF-CAND-0730,stop_loss,1.14604,1.14934,False,
2026-03-31 10:49:00+00:00,2026-03-31 11:11:00+00:00,short,1.14602,1.14682,-7.999999999999119,AF-CAND-0730,stop_loss,1.14682,1.14352,False,
2026-03-31 11:21:00+00:00,2026-03-31 12:00:00+00:00,long,1.14662,1.14912,24.999999999999467,AF-CAND-0730,take_profit,1.14582,1.14912,False,
2026-03-31 12:08:00+00:00,2026-03-31 12:10:00+00:00,long,1.1499,1.1491,-7.999999999999119,AF-CAND-0730,stop_loss,1.1491,1.1524,False,
2026-03-31 12:35:00+00:00,2026-03-31 14:00:00+00:00,long,1.15073,1.15323,24.999999999999467,AF-CAND-0730,take_profit,1.14993,1.15323,False,
2026-04-01 08:25:00+00:00,2026-04-01 09:19:00+00:00,long,1.15951,1.15871,-8.00000000000134,AF-CAND-0730,stop_loss,1.15871,1.16201,False,
2026-04-01 09:23:00+00:00,2026-04-01 09:53:00+00:00,short,1.15869,1.15949,-7.999999999999119,AF-CAND-0730,stop_loss,1.15949,1.15619,False,
2026-04-01 09:56:00+00:00,2026-04-01 12:45:00+00:00,long,1.15935,1.16185,24.999999999999467,AF-CAND-0730,take_profit,1.15855,1.16185,False,
2026-04-02 08:00:00+00:00,2026-04-02 08:22:00+00:00,long,1.15333,1.15253,-7.999999999999119,AF-CAND-0730,stop_loss,1.15253,1.15583,False,
2026-04-02 08:25:00+00:00,2026-04-02 09:33:00+00:00,short,1.15249,1.15329,-7.999999999999119,AF-CAND-0730,stop_loss,1.15329,1.14999,False,
2026-04-02 09:38:00+00:00,2026-04-02 09:58:00+00:00,long,1.15314,1.15234,-8.00000000000134,AF-CAND-0730,stop_loss,1.15234,1.15564,False,
2026-04-02 10:15:00+00:00,2026-04-02 12:03:00+00:00,short,1.15152,1.15232,-7.999999999999119,AF-CAND-0730,stop_loss,1.15232,1.14902,False,
2026-04-02 12:06:00+00:00,2026-04-02 14:36:00+00:00,long,1.15264,1.15514,24.999999999999467,AF-CAND-0730,take_profit,1.15184,1.15514,False,
2026-04-03 10:54:00+00:00,2026-04-03 11:39:00+00:00,long,1.15482,1.15402,-7.999999999999119,AF-CAND-0730,stop_loss,1.15402,1.15732,False,
2026-04-03 13:26:00+00:00,2026-04-03 16:26:00+00:00,short,1.15318,1.15204,11.400000000001409,AF-CAND-0730,timeout,1.15398,1.15068,False,
2026-04-06 08:36:00+00:00,2026-04-06 08:52:00+00:00,long,1.1562,1.1554,-7.999999999999119,AF-CAND-0730,stop_loss,1.1554,1.1587,False,
2026-04-06 09:56:00+00:00,2026-04-06 12:56:00+00:00,short,1.15496,1.15549,-5.299999999999194,AF-CAND-0730,timeout,1.15576,1.15246,False,
2026-04-07 08:04:00+00:00,2026-04-07 11:04:00+00:00,long,1.15521,1.15508,-1.2999999999996348,AF-CAND-0730,timeout,1.15441,1.15771,False,
2026-04-07 11:10:00+00:00,2026-04-07 11:26:00+00:00,short,1.15489,1.15569,-8.00000000000134,AF-CAND-0730,stop_loss,1.15569,1.15239,False,
2026-04-07 11:45:00+00:00,2026-04-07 12:06:00+00:00,long,1.15628,1.15548,-7.999999999999119,AF-CAND-0730,stop_loss,1.15548,1.15878,False,
2026-04-07 12:12:00+00:00,2026-04-07 12:21:00+00:00,short,1.1556,1.1564,-8.00000000000134,AF-CAND-0730,stop_loss,1.1564,1.1531,False,
2026-04-07 13:28:00+00:00,2026-04-07 14:21:00+00:00,short,1.15601,1.15681,-7.999999999999119,AF-CAND-0730,stop_loss,1.15681,1.15351,False,
2026-04-08 09:11:00+00:00,2026-04-08 09:44:00+00:00,long,1.16864,1.16784,-7.999999999999119,AF-CAND-0730,stop_loss,1.16784,1.17114,False,
2026-04-08 10:00:00+00:00,2026-04-08 10:13:00+00:00,short,1.16787,1.16867,-8.00000000000134,AF-CAND-0730,stop_loss,1.16867,1.16537,False,
2026-04-08 10:33:00+00:00,2026-04-08 12:42:00+00:00,long,1.16882,1.17132,24.999999999999467,AF-CAND-0730,take_profit,1.16802,1.17132,False,
2026-04-08 12:47:00+00:00,2026-04-08 13:14:00+00:00,long,1.17174,1.17094,-7.999999999999119,AF-CAND-0730,stop_loss,1.17094,1.17424,False,
2026-04-08 13:28:00+00:00,2026-04-08 16:04:00+00:00,short,1.17077,1.16827,25.000000000001688,AF-CAND-0730,take_profit,1.17157,1.16827,False,
2026-04-09 08:57:00+00:00,2026-04-09 11:57:00+00:00,long,1.16732,1.16845,11.300000000000754,AF-CAND-0730,timeout,1.16652,1.16982,False,
2026-04-09 12:51:00+00:00,2026-04-09 14:35:00+00:00,long,1.16851,1.16771,-7.999999999999119,AF-CAND-0730,stop_loss,1.16771,1.17101,False,
2026-04-10 08:14:00+00:00,2026-04-10 10:00:00+00:00,long,1.16857,1.17107,24.999999999999467,AF-CAND-0730,take_profit,1.16777,1.17107,False,
2026-04-10 10:02:00+00:00,2026-04-10 13:02:00+00:00,long,1.17122,1.1722,9.799999999999809,AF-CAND-0730,timeout,1.17042,1.17372,False,
2026-04-10 13:03:00+00:00,2026-04-10 16:03:00+00:00,long,1.17238,1.17233,-0.4999999999988347,AF-CAND-0730,timeout,1.17158,1.17488,False,
