timestamp_utc,candidate_id,run_id,signal,spread_pips,bars_processed
2025.10.01 08:00:00Z,AF-CAND-0733,mt5run-20260414T001532Z,-1,0.100000,596
2025.10.01 08:03:00Z,AF-CAND-0733,mt5run-20260414T001532Z,1,0.100000,599
2025.10.01 08:22:00Z,AF-CAND-0733,mt5run-20260414T001532Z,-1,0.100000,618
2025.10.01 08:43:00Z,AF-CAND-0733,mt5run-20260414T001532Z,-1,0.100000,639
2025.10.01 08:54:00Z,AF-CAND-0733,mt5run-20260414T001532Z,1,0.100000,650
2025.10.01 10:09:00Z,AF-CAND-0733,mt5run-20260414T001532Z,-1,0.100000,725
2025.10.01 11:21:00Z,AF-CAND-0733,mt5run-20260414T001532Z,-1,0.100000,797
2025.10.01 11:51:00Z,AF-CAND-0733,mt5run-20260414T001532Z,1,0.100000,827
2025.10.01 11:56:00Z,AF-CAND-0733,mt5run-20260414T001532Z,-1,0.100000,832
2025.10.01 12:08:00Z,AF-CAND-0733,mt5run-20260414T001532Z,1,0.100000,844
2025.10.01 13:16:00Z,AF-CAND-0733,mt5run-20260414T001532Z,1,0.100000,912
2025.10.02 08:00:00Z,AF-CAND-0733,mt5run-20260414T001532Z,1,0.100000,2030
2025.10.02 10:36:00Z,AF-CAND-0733,mt5run-20260414T001532Z,-1,0.100000,2186
2025.10.02 13:07:00Z,AF-CAND-0733,mt5run-20260414T001532Z,1,0.100000,2337
2025.10.02 13:26:00Z,AF-CAND-0733,mt5run-20260414T001532Z,-1,0.100000,2356
2025.10.03 08:01:00Z,AF-CAND-0733,mt5run-20260414T001532Z,1,0.100000,3464
2025.10.03 10:46:00Z,AF-CAND-0733,mt5run-20260414T001532Z,1,0.100000,3629
2025.10.03 12:13:00Z,AF-CAND-0733,mt5run-20260414T001532Z,-1,0.100000,3716
2025.10.03 12:36:00Z,AF-CAND-0733,mt5run-20260414T001532Z,1,0.100000,3739
2025.10.03 12:58:00Z,AF-CAND-0733,mt5run-20260414T001532Z,-1,0.100000,3761
2025.10.06 08:01:00Z,AF-CAND-0733,mt5run-20260414T001532Z,-1,0.100000,4897
2025.10.06 08:06:00Z,AF-CAND-0733,mt5run-20260414T001532Z,1,0.100000,4902
2025.10.06 08:42:00Z,AF-CAND-0733,mt5run-20260414T001532Z,-1,0.100000,4938
2025.10.06 09:01:00Z,AF-CAND-0733,mt5run-20260414T001532Z,-1,0.100000,4957
2025.10.06 09:30:00Z,AF-CAND-0733,mt5run-20260414T001532Z,1,0.100000,4986
2025.10.06 10:10:00Z,AF-CAND-0733,mt5run-20260414T001532Z,-1,0.100000,5026
2025.10.06 10:38:00Z,AF-CAND-0733,mt5run-20260414T001532Z,1,0.100000,5054
2025.10.06 10:44:00Z,AF-CAND-0733,mt5run-20260414T001532Z,-1,0.100000,5060
2025.10.06 10:56:00Z,AF-CAND-0733,mt5run-20260414T001532Z,1,0.100000,5072
2025.10.06 11:06:00Z,AF-CAND-0733,mt5run-20260414T001532Z,-1,0.100000,5082
2025.10.06 12:15:00Z,AF-CAND-0733,mt5run-20260414T001532Z,1,0.100000,5151
2025.10.07 08:02:00Z,AF-CAND-0733,mt5run-20260414T001532Z,-1,0.100000,6332
2025.10.07 10:40:00Z,AF-CAND-0733,mt5run-20260414T001532Z,-1,0.100000,6490
2025.10.07 11:09:00Z,AF-CAND-0733,mt5run-20260414T001532Z,1,0.100000,6519
2025.10.07 12:22:00Z,AF-CAND-0733,mt5run-20260414T001532Z,-1,0.100000,6592
2025.10.08 08:08:00Z,AF-CAND-0733,mt5run-20260414T001532Z,1,0.100000,7770
2025.10.08 08:20:00Z,AF-CAND-0733,mt5run-20260414T001532Z,-1,0.100000,7782
2025.10.08 08:28:00Z,AF-CAND-0733,mt5run-20260414T001532Z,1,0.100000,7790
2025.10.08 09:58:00Z,AF-CAND-0733,mt5run-20260414T001532Z,-1,0.100000,7880
2025.10.08 10:15:00Z,AF-CAND-0733,mt5run-20260414T001532Z,1,0.100000,7897
2025.10.08 10:34:00Z,AF-CAND-0733,mt5run-20260414T001532Z,-1,0.100000,7916
2025.10.08 11:20:00Z,AF-CAND-0733,mt5run-20260414T001532Z,1,0.100000,7962
2025.10.09 08:01:00Z,AF-CAND-0733,mt5run-20260414T001532Z,1,0.100000,9197
2025.10.09 08:36:00Z,AF-CAND-0733,mt5run-20260414T001532Z,-1,0.100000,9232
2025.10.09 10:05:00Z,AF-CAND-0733,mt5run-20260414T001532Z,1,0.100000,9321
2025.10.09 10:16:00Z,AF-CAND-0733,mt5run-20260414T001532Z,-1,0.100000,9332
2025.10.09 10:25:00Z,AF-CAND-0733,mt5run-20260414T001532Z,1,0.100000,9341
2025.10.09 12:04:00Z,AF-CAND-0733,mt5run-20260414T001532Z,-1,0.100000,9440
2025.10.09 12:41:00Z,AF-CAND-0733,mt5run-20260414T001532Z,1,0.100000,9477
2025.10.09 12:57:00Z,AF-CAND-0733,mt5run-20260414T001532Z,-1,0.100000,9493
2025.10.10 08:05:00Z,AF-CAND-0733,mt5run-20260414T001532Z,1,0.100000,10634
2025.10.10 08:21:00Z,AF-CAND-0733,mt5run-20260414T001532Z,-1,0.100000,10650
2025.10.10 08:34:00Z,AF-CAND-0733,mt5run-20260414T001532Z,1,0.100000,10663
2025.10.10 11:13:00Z,AF-CAND-0733,mt5run-20260414T001532Z,1,0.100000,10822
2025.10.10 12:28:00Z,AF-CAND-0733,mt5run-20260414T001532Z,-1,0.100000,10897
2025.10.10 13:37:00Z,AF-CAND-0733,mt5run-20260414T001532Z,-1,0.100000,10966
2025.10.13 08:01:00Z,AF-CAND-0733,mt5run-20260414T001532Z,-1,0.100000,12063
2025.10.13 09:33:00Z,AF-CAND-0733,mt5run-20260414T001532Z,-1,0.100000,12155
2025.10.13 10:06:00Z,AF-CAND-0733,mt5run-20260414T001532Z,1,0.100000,12188
2025.10.13 11:23:00Z,AF-CAND-0733,mt5run-20260414T001532Z,-1,0.100000,12265
2025.10.13 12:03:00Z,AF-CAND-0733,mt5run-20260414T001532Z,1,0.100000,12305
2025.10.13 12:27:00Z,AF-CAND-0733,mt5run-20260414T001532Z,-1,0.100000,12329
2025.10.14 08:07:00Z,AF-CAND-0733,mt5run-20260414T001532Z,1,0.100000,13503
2025.10.14 08:18:00Z,AF-CAND-0733,mt5run-20260414T001532Z,-1,0.100000,13514
2025.10.14 10:51:00Z,AF-CAND-0733,mt5run-20260414T001532Z,-1,0.100000,13667
2025.10.14 13:17:00Z,AF-CAND-0733,mt5run-20260414T001532Z,1,0.100000,13813
2025.10.14 13:34:00Z,AF-CAND-0733,mt5run-20260414T001532Z,-1,0.100000,13830
2025.10.15 08:08:00Z,AF-CAND-0733,mt5run-20260414T001532Z,1,0.100000,14935
2025.10.15 08:23:00Z,AF-CAND-0733,mt5run-20260414T001532Z,-1,0.100000,14950
2025.10.15 08:39:00Z,AF-CAND-0733,mt5run-20260414T001532Z,1,0.100000,14966
2025.10.15 09:57:00Z,AF-CAND-0733,mt5run-20260414T001532Z,-1,0.100000,15044
2025.10.15 10:35:00Z,AF-CAND-0733,mt5run-20260414T001532Z,1,0.100000,15082
2025.10.15 10:49:00Z,AF-CAND-0733,mt5run-20260414T001532Z,-1,0.100000,15096
2025.10.15 13:27:00Z,AF-CAND-0733,mt5run-20260414T001532Z,1,0.100000,15254
2025.10.15 13:51:00Z,AF-CAND-0733,mt5run-20260414T001532Z,-1,0.100000,15278
2025.10.16 08:08:00Z,AF-CAND-0733,mt5run-20260414T001532Z,-1,0.100000,16369
2025.10.16 09:11:00Z,AF-CAND-0733,mt5run-20260414T001532Z,1,0.100000,16432
2025.10.16 11:42:00Z,AF-CAND-0733,mt5run-20260414T001532Z,-1,0.200000,16583
2025.10.17 08:04:00Z,AF-CAND-0733,mt5run-20260414T001532Z,-1,0.100000,17799
2025.10.17 08:17:00Z,AF-CAND-0733,mt5run-20260414T001532Z,1,0.200000,17812
2025.10.17 08:21:00Z,AF-CAND-0733,mt5run-20260414T001532Z,-1,0.100000,17816
2025.10.17 08:53:00Z,AF-CAND-0733,mt5run-20260414T001532Z,1,0.100000,17848
2025.10.17 09:16:00Z,AF-CAND-0733,mt5run-20260414T001532Z,-1,0.100000,17871
2025.10.17 11:49:00Z,AF-CAND-0733,mt5run-20260414T001532Z,1,0.100000,18024
2025.10.17 11:55:00Z,AF-CAND-0733,mt5run-20260414T001532Z,-1,0.100000,18030
2025.10.20 08:04:00Z,AF-CAND-0733,mt5run-20260414T001532Z,-1,0.100000,19232
2025.10.20 08:21:00Z,AF-CAND-0733,mt5run-20260414T001532Z,1,0.100000,19249
2025.10.20 10:54:00Z,AF-CAND-0733,mt5run-20260414T001532Z,-1,0.100000,19402
2025.10.20 13:28:00Z,AF-CAND-0733,mt5run-20260414T001532Z,-1,0.100000,19556
2025.10.21 08:02:00Z,AF-CAND-0733,mt5run-20260414T001532Z,1,0.100000,20662
2025.10.21 08:08:00Z,AF-CAND-0733,mt5run-20260414T001532Z,-1,0.100000,20668
2025.10.21 10:47:00Z,AF-CAND-0733,mt5run-20260414T001532Z,-1,0.100000,20827
2025.10.21 13:18:00Z,AF-CAND-0733,mt5run-20260414T001532Z,-1,0.100000,20978
2025.10.22 08:04:00Z,AF-CAND-0733,mt5run-20260414T001532Z,-1,0.100000,22098
2025.10.22 10:56:00Z,AF-CAND-0733,mt5run-20260414T001532Z,-1,0.100000,22270
2025.10.22 13:39:00Z,AF-CAND-0733,mt5run-20260414T001532Z,-1,0.100000,22433
2025.10.22 13:56:00Z,AF-CAND-0733,mt5run-20260414T001532Z,1,0.100000,22450
2025.10.23 08:03:00Z,AF-CAND-0733,mt5run-20260414T001532Z,-1,0.100000,23527
2025.10.23 08:23:00Z,AF-CAND-0733,mt5run-20260414T001532Z,1,0.100000,23547
2025.10.23 08:36:00Z,AF-CAND-0733,mt5run-20260414T001532Z,-1,0.100000,23560
2025.10.23 08:51:00Z,AF-CAND-0733,mt5run-20260414T001532Z,1,0.100000,23575
2025.10.23 11:01:00Z,AF-CAND-0733,mt5run-20260414T001532Z,-1,0.100000,23705
2025.10.23 13:32:00Z,AF-CAND-0733,mt5run-20260414T001532Z,1,0.100000,23856
2025.10.24 08:00:00Z,AF-CAND-0733,mt5run-20260414T001532Z,1,0.100000,24956
2025.10.24 08:16:00Z,AF-CAND-0733,mt5run-20260414T001532Z,-1,0.100000,24972
2025.10.24 08:31:00Z,AF-CAND-0733,mt5run-20260414T001532Z,1,0.100000,24987
2025.10.24 09:17:00Z,AF-CAND-0733,mt5run-20260414T001532Z,-1,0.100000,25033
2025.10.24 12:03:00Z,AF-CAND-0733,mt5run-20260414T001532Z,-1,0.100000,25199
2025.10.24 13:01:00Z,AF-CAND-0733,mt5run-20260414T001532Z,1,0.100000,25257
2025.10.24 13:31:00Z,AF-CAND-0733,mt5run-20260414T001532Z,1,0.100000,25287
2025.10.24 13:33:00Z,AF-CAND-0733,mt5run-20260414T001532Z,1,0.100000,25289
2025.10.24 13:50:00Z,AF-CAND-0733,mt5run-20260414T001532Z,-1,0.100000,25306
2025.10.27 08:18:00Z,AF-CAND-0733,mt5run-20260414T001532Z,-1,0.100000,26345
2025.10.27 10:46:00Z,AF-CAND-0733,mt5run-20260414T001532Z,1,0.100000,26493
2025.10.27 13:26:00Z,AF-CAND-0733,mt5run-20260414T001532Z,-1,0.100000,26653
2025.10.27 13:58:00Z,AF-CAND-0733,mt5run-20260414T001532Z,1,0.100000,26685
2025.10.28 08:19:00Z,AF-CAND-0733,mt5run-20260414T001532Z,1,0.100000,27779
2025.10.28 08:35:00Z,AF-CAND-0733,mt5run-20260414T001532Z,-1,0.100000,27795
2025.10.28 11:07:00Z,AF-CAND-0733,mt5run-20260414T001532Z,-1,0.100000,27947
2025.10.28 11:44:00Z,AF-CAND-0733,mt5run-20260414T001532Z,1,0.100000,27984
2025.10.29 08:05:00Z,AF-CAND-0733,mt5run-20260414T001532Z,-1,0.100000,29198
2025.10.29 09:08:00Z,AF-CAND-0733,mt5run-20260414T001532Z,1,0.100000,29261
2025.10.29 10:15:00Z,AF-CAND-0733,mt5run-20260414T001532Z,-1,0.100000,29328
2025.10.29 10:29:00Z,AF-CAND-0733,mt5run-20260414T001532Z,1,0.100000,29342
2025.10.29 10:55:00Z,AF-CAND-0733,mt5run-20260414T001532Z,-1,0.100000,29368
2025.10.29 11:33:00Z,AF-CAND-0733,mt5run-20260414T001532Z,1,0.100000,29406
2025.10.30 08:00:00Z,AF-CAND-0733,mt5run-20260414T001532Z,-1,0.100000,30625
2025.10.30 10:45:00Z,AF-CAND-0733,mt5run-20260414T001532Z,1,0.100000,30790
2025.10.30 13:04:00Z,AF-CAND-0733,mt5run-20260414T001532Z,-1,0.100000,30929
2025.10.31 08:16:00Z,AF-CAND-0733,mt5run-20260414T001532Z,1,0.100000,32075
2025.10.31 08:54:00Z,AF-CAND-0733,mt5run-20260414T001532Z,-1,0.100000,32113
2025.10.31 10:58:00Z,AF-CAND-0733,mt5run-20260414T001532Z,1,0.100000,32237
2025.10.31 13:32:00Z,AF-CAND-0733,mt5run-20260414T001532Z,-1,0.100000,32391
2025.11.03 08:15:00Z,AF-CAND-0733,mt5run-20260414T001532Z,-1,0.100000,33506
2025.11.03 09:48:00Z,AF-CAND-0733,mt5run-20260414T001532Z,-1,0.100000,33599
2025.11.03 10:35:00Z,AF-CAND-0733,mt5run-20260414T001532Z,1,0.100000,33646
2025.11.03 10:47:00Z,AF-CAND-0733,mt5run-20260414T001532Z,-1,0.100000,33658
2025.11.03 13:20:00Z,AF-CAND-0733,mt5run-20260414T001532Z,1,0.100000,33811
2025.11.04 08:08:00Z,AF-CAND-0733,mt5run-20260414T001532Z,1,0.100000,34932
2025.11.04 09:40:00Z,AF-CAND-0733,mt5run-20260414T001532Z,-1,0.100000,35024
2025.11.04 12:36:00Z,AF-CAND-0733,mt5run-20260414T001532Z,-1,0.100000,35200
2025.11.04 13:35:00Z,AF-CAND-0733,mt5run-20260414T001532Z,-1,0.100000,35259
2025.11.04 13:48:00Z,AF-CAND-0733,mt5run-20260414T001532Z,1,0.100000,35272
2025.11.05 08:20:00Z,AF-CAND-0733,mt5run-20260414T001532Z,-1,0.100000,36375
2025.11.05 08:39:00Z,AF-CAND-0733,mt5run-20260414T001532Z,1,0.100000,36394
2025.11.05 10:42:00Z,AF-CAND-0733,mt5run-20260414T001532Z,-1,0.100000,36517
2025.11.05 13:07:00Z,AF-CAND-0733,mt5run-20260414T001532Z,1,0.100000,36662
2025.11.06 08:24:00Z,AF-CAND-0733,mt5run-20260414T001532Z,1,0.100000,37812
2025.11.06 11:01:00Z,AF-CAND-0733,mt5run-20260414T001532Z,-1,0.100000,37969
2025.11.06 12:40:00Z,AF-CAND-0733,mt5run-20260414T001532Z,1,0.100000,38068
2025.11.07 08:20:00Z,AF-CAND-0733,mt5run-20260414T001532Z,1,0.100000,39242
2025.11.07 11:09:00Z,AF-CAND-0733,mt5run-20260414T001532Z,1,0.100000,39411
2025.11.07 13:40:00Z,AF-CAND-0733,mt5run-20260414T001532Z,-1,0.100000,39562
2025.11.10 08:06:00Z,AF-CAND-0733,mt5run-20260414T001532Z,1,0.100000,40658
2025.11.10 09:37:00Z,AF-CAND-0733,mt5run-20260414T001532Z,1,0.100000,40749
2025.11.10 09:59:00Z,AF-CAND-0733,mt5run-20260414T001532Z,-1,0.100000,40771
2025.11.10 13:09:00Z,AF-CAND-0733,mt5run-20260414T001532Z,1,0.100000,40961
2025.11.11 08:04:00Z,AF-CAND-0733,mt5run-20260414T001532Z,1,0.100000,42090
2025.11.11 10:35:00Z,AF-CAND-0733,mt5run-20260414T001532Z,1,0.100000,42241
2025.11.11 13:15:00Z,AF-CAND-0733,mt5run-20260414T001532Z,1,0.100000,42401
2025.11.11 13:57:00Z,AF-CAND-0733,mt5run-20260414T001532Z,-1,0.100000,42443
2025.11.12 08:07:00Z,AF-CAND-0733,mt5run-20260414T001532Z,1,0.100000,43527
2025.11.12 09:02:00Z,AF-CAND-0733,mt5run-20260414T001532Z,-1,0.100000,43582
2025.11.12 09:27:00Z,AF-CAND-0733,mt5run-20260414T001532Z,1,0.100000,43607
2025.11.12 09:55:00Z,AF-CAND-0733,mt5run-20260414T001532Z,-1,0.100000,43635
2025.11.12 12:28:00Z,AF-CAND-0733,mt5run-20260414T001532Z,1,0.100000,43788
2025.11.13 08:04:00Z,AF-CAND-0733,mt5run-20260414T001532Z,1,0.100000,44956
2025.11.13 09:00:00Z,AF-CAND-0733,mt5run-20260414T001532Z,1,0.100000,45012
2025.11.13 11:31:00Z,AF-CAND-0733,mt5run-20260414T001532Z,-1,0.100000,45163
2025.11.14 08:00:00Z,AF-CAND-0733,mt5run-20260414T001532Z,1,0.100000,46386
2025.11.14 09:03:00Z,AF-CAND-0733,mt5run-20260414T001532Z,-1,0.100000,46449
2025.11.14 09:57:00Z,AF-CAND-0733,mt5run-20260414T001532Z,-1,0.100000,46503
2025.11.14 12:35:00Z,AF-CAND-0733,mt5run-20260414T001532Z,1,0.100000,46661
2025.11.14 13:42:00Z,AF-CAND-0733,mt5run-20260414T001532Z,1,0.100000,46728
2025.11.17 08:20:00Z,AF-CAND-0733,mt5run-20260414T001532Z,1,0.100000,47840
2025.11.17 09:26:00Z,AF-CAND-0733,mt5run-20260414T001532Z,-1,0.100000,47906
2025.11.17 11:57:00Z,AF-CAND-0733,mt5run-20260414T001532Z,-1,0.100000,48057
2025.11.17 13:39:00Z,AF-CAND-0733,mt5run-20260414T001532Z,-1,0.100000,48159
2025.11.18 08:07:00Z,AF-CAND-0733,mt5run-20260414T001532Z,1,0.100000,49261
2025.11.18 09:00:00Z,AF-CAND-0733,mt5run-20260414T001532Z,-1,0.200000,49314
2025.11.18 09:05:00Z,AF-CAND-0733,mt5run-20260414T001532Z,1,0.200000,49319
2025.11.18 09:39:00Z,AF-CAND-0733,mt5run-20260414T001532Z,-1,0.100000,49353
2025.11.18 12:18:00Z,AF-CAND-0733,mt5run-20260414T001532Z,1,0.100000,49512
2025.11.19 08:06:00Z,AF-CAND-0733,mt5run-20260414T001532Z,-1,0.100000,50694
2025.11.19 08:33:00Z,AF-CAND-0733,mt5run-20260414T001532Z,1,0.100000,50721
2025.11.19 08:56:00Z,AF-CAND-0733,mt5run-20260414T001532Z,-1,0.100000,50744
2025.11.19 09:07:00Z,AF-CAND-0733,mt5run-20260414T001532Z,-1,0.100000,50755
2025.11.19 11:41:00Z,AF-CAND-0733,mt5run-20260414T001532Z,1,0.100000,50909
2025.11.20 08:01:00Z,AF-CAND-0733,mt5run-20260414T001532Z,-1,0.100000,52123
2025.11.20 10:27:00Z,AF-CAND-0733,mt5run-20260414T001532Z,1,0.100000,52269
2025.11.20 12:25:00Z,AF-CAND-0733,mt5run-20260414T001532Z,-1,0.100000,52387
2025.11.21 08:12:00Z,AF-CAND-0733,mt5run-20260414T001532Z,1,0.100000,53568
2025.11.21 09:02:00Z,AF-CAND-0733,mt5run-20260414T001532Z,-1,0.100000,53618
2025.11.21 09:10:00Z,AF-CAND-0733,mt5run-20260414T001532Z,1,0.100000,53626
2025.11.21 10:08:00Z,AF-CAND-0733,mt5run-20260414T001532Z,-1,0.100000,53684
2025.11.21 12:22:00Z,AF-CAND-0733,mt5run-20260414T001532Z,-1,0.100000,53818
2025.11.21 12:28:00Z,AF-CAND-0733,mt5run-20260414T001532Z,1,0.100000,53824
2025.11.21 12:45:00Z,AF-CAND-0733,mt5run-20260414T001532Z,-1,0.100000,53841
2025.11.21 13:33:00Z,AF-CAND-0733,mt5run-20260414T001532Z,1,0.100000,53889
2025.11.24 08:06:00Z,AF-CAND-0733,mt5run-20260414T001532Z,-1,0.100000,54996
2025.11.24 09:12:00Z,AF-CAND-0733,mt5run-20260414T001532Z,1,0.100000,55062
2025.11.24 11:45:00Z,AF-CAND-0733,mt5run-20260414T001532Z,1,0.100000,55215
2025.11.25 08:01:00Z,AF-CAND-0733,mt5run-20260414T001532Z,1,0.100000,56424
2025.11.25 10:41:00Z,AF-CAND-0733,mt5run-20260414T001532Z,1,0.100000,56584
2025.11.25 12:42:00Z,AF-CAND-0733,mt5run-20260414T001532Z,-1,0.100000,56705
2025.11.25 13:44:00Z,AF-CAND-0733,mt5run-20260414T001532Z,1,0.100000,56767
2025.11.25 13:46:00Z,AF-CAND-0733,mt5run-20260414T001532Z,1,0.100000,56769
2025.11.25 13:53:00Z,AF-CAND-0733,mt5run-20260414T001532Z,1,0.100000,56776
2025.11.26 08:06:00Z,AF-CAND-0733,mt5run-20260414T001532Z,1,0.100000,57863
2025.11.26 08:21:00Z,AF-CAND-0733,mt5run-20260414T001532Z,-1,0.100000,57878
2025.11.26 10:53:00Z,AF-CAND-0733,mt5run-20260414T001532Z,-1,0.100000,58030
2025.11.26 12:42:00Z,AF-CAND-0733,mt5run-20260414T001532Z,1,0.100000,58139
2025.11.26 13:08:00Z,AF-CAND-0733,mt5run-20260414T001532Z,-1,0.100000,58165
2025.11.26 13:27:00Z,AF-CAND-0733,mt5run-20260414T001532Z,1,0.100000,58184
2025.11.26 13:37:00Z,AF-CAND-0733,mt5run-20260414T001532Z,-1,0.100000,58194
2025.11.26 13:46:00Z,AF-CAND-0733,mt5run-20260414T001532Z,1,0.100000,58203
2025.11.26 13:57:00Z,AF-CAND-0733,mt5run-20260414T001532Z,-1,0.100000,58214
2025.11.27 08:15:00Z,AF-CAND-0733,mt5run-20260414T001532Z,-1,0.200000,59304
2025.11.27 10:46:00Z,AF-CAND-0733,mt5run-20260414T001532Z,1,0.100000,59455
2025.11.27 13:38:00Z,AF-CAND-0733,mt5run-20260414T001532Z,1,0.100000,59627
2025.11.27 13:57:00Z,AF-CAND-0733,mt5run-20260414T001532Z,-1,0.100000,59646
2025.11.28 08:11:00Z,AF-CAND-0733,mt5run-20260414T001532Z,1,0.300000,60734
2025.11.28 08:58:00Z,AF-CAND-0733,mt5run-20260414T001532Z,-1,0.300000,60781
2025.11.28 11:39:00Z,AF-CAND-0733,mt5run-20260414T001532Z,-1,0.500000,60942
2025.11.28 13:27:00Z,AF-CAND-0733,mt5run-20260414T001532Z,1,0.100000,61050
2025.12.01 08:01:00Z,AF-CAND-0733,mt5run-20260414T001532Z,1,0.100000,62158
2025.12.01 10:33:00Z,AF-CAND-0733,mt5run-20260414T001532Z,1,0.100000,62310
2025.12.01 13:05:00Z,AF-CAND-0733,mt5run-20260414T001532Z,1,0.100000,62462
2025.12.02 08:52:00Z,AF-CAND-0733,mt5run-20260414T001532Z,-1,0.100000,63638
2025.12.02 11:23:00Z,AF-CAND-0733,mt5run-20260414T001532Z,-1,0.100000,63789
2025.12.02 11:46:00Z,AF-CAND-0733,mt5run-20260414T001532Z,1,0.100000,63812
2025.12.03 08:02:00Z,AF-CAND-0733,mt5run-20260414T001532Z,1,0.100000,65022
2025.12.03 08:47:00Z,AF-CAND-0733,mt5run-20260414T001532Z,-1,0.100000,65067
2025.12.03 10:42:00Z,AF-CAND-0733,mt5run-20260414T001532Z,1,0.100000,65182
2025.12.03 13:16:00Z,AF-CAND-0733,mt5run-20260414T001532Z,-1,0.100000,65336
2025.12.04 08:14:00Z,AF-CAND-0733,mt5run-20260414T001532Z,-1,0.100000,66468
2025.12.04 09:11:00Z,AF-CAND-0733,mt5run-20260414T001532Z,1,0.100000,66525
2025.12.04 12:06:00Z,AF-CAND-0733,mt5run-20260414T001532Z,1,0.100000,66700
2025.12.05 08:09:00Z,AF-CAND-0733,mt5run-20260414T001532Z,1,0.100000,67897
2025.12.05 09:18:00Z,AF-CAND-0733,mt5run-20260414T001532Z,-1,0.100000,67966
2025.12.05 12:16:00Z,AF-CAND-0733,mt5run-20260414T001532Z,-1,0.100000,68144
2025.12.08 08:02:00Z,AF-CAND-0733,mt5run-20260414T001532Z,1,0.100000,69321
2025.12.08 08:48:00Z,AF-CAND-0733,mt5run-20260414T001532Z,-1,0.100000,69367
2025.12.08 11:23:00Z,AF-CAND-0733,mt5run-20260414T001532Z,-1,0.100000,69522
2025.12.09 08:14:00Z,AF-CAND-0733,mt5run-20260414T001532Z,-1,0.100000,70767
2025.12.09 09:31:00Z,AF-CAND-0733,mt5run-20260414T001532Z,1,0.100000,70844
2025.12.09 11:41:00Z,AF-CAND-0733,mt5run-20260414T001532Z,-1,0.100000,70974
2025.12.10 08:50:00Z,AF-CAND-0733,mt5run-20260414T001532Z,1,0.100000,72237
2025.12.10 11:02:00Z,AF-CAND-0733,mt5run-20260414T001532Z,-1,0.100000,72369
2025.12.10 13:33:00Z,AF-CAND-0733,mt5run-20260414T001532Z,1,0.100000,72520
2025.12.11 08:10:00Z,AF-CAND-0733,mt5run-20260414T001532Z,1,0.100000,73631
2025.12.11 10:46:00Z,AF-CAND-0733,mt5run-20260414T001532Z,1,0.100000,73787
2025.12.11 13:17:00Z,AF-CAND-0733,mt5run-20260414T001532Z,1,0.100000,73938
2025.12.11 13:57:00Z,AF-CAND-0733,mt5run-20260414T001532Z,-1,0.100000,73978
2025.12.12 08:19:00Z,AF-CAND-0733,mt5run-20260414T001532Z,-1,0.100000,75074
2025.12.12 10:50:00Z,AF-CAND-0733,mt5run-20260414T001532Z,1,0.100000,75225
2025.12.12 11:26:00Z,AF-CAND-0733,mt5run-20260414T001532Z,-1,0.100000,75261
2025.12.12 13:58:00Z,AF-CAND-0733,mt5run-20260414T001532Z,1,0.100000,75413
2025.12.15 08:01:00Z,AF-CAND-0733,mt5run-20260414T001532Z,1,0.100000,76490
2025.12.15 08:54:00Z,AF-CAND-0733,mt5run-20260414T001532Z,-1,0.100000,76543
2025.12.15 09:32:00Z,AF-CAND-0733,mt5run-20260414T001532Z,1,0.100000,76581
2025.12.15 12:05:00Z,AF-CAND-0733,mt5run-20260414T001532Z,1,0.100000,76734
2025.12.16 08:04:00Z,AF-CAND-0733,mt5run-20260414T001532Z,-1,0.100000,77927
2025.12.16 09:03:00Z,AF-CAND-0733,mt5run-20260414T001532Z,1,0.100000,77986
2025.12.16 09:37:00Z,AF-CAND-0733,mt5run-20260414T001532Z,-1,0.200000,78020
2025.12.16 10:39:00Z,AF-CAND-0733,mt5run-20260414T001532Z,1,0.100000,78082
2025.12.16 13:16:00Z,AF-CAND-0733,mt5run-20260414T001532Z,1,0.100000,78239
2025.12.17 08:00:00Z,AF-CAND-0733,mt5run-20260414T001532Z,-1,0.100000,79357
2025.12.17 09:28:00Z,AF-CAND-0733,mt5run-20260414T001532Z,1,0.100000,79445
2025.12.17 11:59:00Z,AF-CAND-0733,mt5run-20260414T001532Z,1,0.100000,79596
2025.12.17 12:21:00Z,AF-CAND-0733,mt5run-20260414T001532Z,-1,0.100000,79618
2025.12.17 13:59:00Z,AF-CAND-0733,mt5run-20260414T001532Z,1,0.100000,79716
2025.12.18 08:04:00Z,AF-CAND-0733,mt5run-20260414T001532Z,1,0.100000,80795
2025.12.18 08:28:00Z,AF-CAND-0733,mt5run-20260414T001532Z,-1,0.100000,80819
2025.12.18 10:26:00Z,AF-CAND-0733,mt5run-20260414T001532Z,-1,0.100000,80937
2025.12.18 10:52:00Z,AF-CAND-0733,mt5run-20260414T001532Z,1,0.100000,80963
2025.12.18 11:14:00Z,AF-CAND-0733,mt5run-20260414T001532Z,-1,0.100000,80985
2025.12.18 12:39:00Z,AF-CAND-0733,mt5run-20260414T001532Z,-1,0.100000,81070
2025.12.19 08:00:00Z,AF-CAND-0733,mt5run-20260414T001532Z,1,0.100000,82225
2025.12.19 08:09:00Z,AF-CAND-0733,mt5run-20260414T001532Z,-1,0.100000,82234
2025.12.19 10:46:00Z,AF-CAND-0733,mt5run-20260414T001532Z,1,0.100000,82391
2025.12.19 12:16:00Z,AF-CAND-0733,mt5run-20260414T001532Z,-1,0.100000,82481
2025.12.19 13:55:00Z,AF-CAND-0733,mt5run-20260414T001532Z,-1,0.100000,82580
2025.12.22 08:07:00Z,AF-CAND-0733,mt5run-20260414T001532Z,1,0.100000,83666
2025.12.22 10:44:00Z,AF-CAND-0733,mt5run-20260414T001532Z,-1,0.100000,83823
2025.12.22 11:41:00Z,AF-CAND-0733,mt5run-20260414T001532Z,-1,0.100000,83880
2025.12.22 13:09:00Z,AF-CAND-0733,mt5run-20260414T001532Z,1,0.100000,83968
2025.12.23 08:01:00Z,AF-CAND-0733,mt5run-20260414T001532Z,-1,0.100000,85094
2025.12.23 08:38:00Z,AF-CAND-0733,mt5run-20260414T001532Z,1,0.100000,85131
2025.12.23 11:22:00Z,AF-CAND-0733,mt5run-20260414T001532Z,-1,0.100000,85295
2025.12.23 11:50:00Z,AF-CAND-0733,mt5run-20260414T001532Z,1,0.100000,85323
2025.12.23 13:55:00Z,AF-CAND-0733,mt5run-20260414T001532Z,-1,0.100000,85448
2025.12.24 08:08:00Z,AF-CAND-0733,mt5run-20260414T001532Z,-1,0.100000,86535
2025.12.24 10:55:00Z,AF-CAND-0733,mt5run-20260414T001532Z,1,0.100000,86702
2025.12.24 11:46:00Z,AF-CAND-0733,mt5run-20260414T001532Z,-1,0.100000,86753
2025.12.26 08:45:00Z,AF-CAND-0733,mt5run-20260414T001532Z,-1,0.300000,88003
2025.12.26 11:16:00Z,AF-CAND-0733,mt5run-20260414T001532Z,1,0.200000,88154
2025.12.26 13:57:00Z,AF-CAND-0733,mt5run-20260414T001532Z,1,0.100000,88315
2025.12.29 08:00:00Z,AF-CAND-0733,mt5run-20260414T001532Z,1,0.100000,89390
2025.12.29 10:31:00Z,AF-CAND-0733,mt5run-20260414T001532Z,1,0.100000,89541
2025.12.29 11:55:00Z,AF-CAND-0733,mt5run-20260414T001532Z,-1,0.100000,89625
2025.12.30 08:02:00Z,AF-CAND-0733,mt5run-20260414T001532Z,-1,0.100000,90826
2025.12.30 10:37:00Z,AF-CAND-0733,mt5run-20260414T001532Z,1,0.100000,90981
2025.12.30 10:59:00Z,AF-CAND-0733,mt5run-20260414T001532Z,-1,0.100000,91003
2025.12.30 13:45:00Z,AF-CAND-0733,mt5run-20260414T001532Z,-1,0.100000,91169
2025.12.31 08:39:00Z,AF-CAND-0733,mt5run-20260414T001532Z,1,0.100000,92296
2025.12.31 09:28:00Z,AF-CAND-0733,mt5run-20260414T001532Z,-1,0.100000,92345
2025.12.31 10:36:00Z,AF-CAND-0733,mt5run-20260414T001532Z,1,0.100000,92413
2025.12.31 13:23:00Z,AF-CAND-0733,mt5run-20260414T001532Z,1,0.100000,92580
2026.01.02 08:08:00Z,AF-CAND-0733,mt5run-20260414T001532Z,1,0.100000,93699
2026.01.02 08:31:00Z,AF-CAND-0733,mt5run-20260414T001532Z,-1,0.100000,93722
2026.01.02 11:02:00Z,AF-CAND-0733,mt5run-20260414T001532Z,-1,0.100000,93873
2026.01.02 13:43:00Z,AF-CAND-0733,mt5run-20260414T001532Z,1,0.100000,94034
2026.01.05 08:09:00Z,AF-CAND-0733,mt5run-20260414T001532Z,-1,0.100000,95134
2026.01.05 09:27:00Z,AF-CAND-0733,mt5run-20260414T001532Z,1,0.100000,95212
2026.01.05 09:39:00Z,AF-CAND-0733,mt5run-20260414T001532Z,-1,0.100000,95224
2026.01.05 12:11:00Z,AF-CAND-0733,mt5run-20260414T001532Z,-1,0.100000,95376
2026.01.06 08:05:00Z,AF-CAND-0733,mt5run-20260414T001532Z,1,0.200000,96564
2026.01.06 08:22:00Z,AF-CAND-0733,mt5run-20260414T001532Z,-1,0.100000,96581
2026.01.06 10:36:00Z,AF-CAND-0733,mt5run-20260414T001532Z,-1,0.100000,96715
2026.01.06 10:46:00Z,AF-CAND-0733,mt5run-20260414T001532Z,1,0.100000,96725
2026.01.06 11:25:00Z,AF-CAND-0733,mt5run-20260414T001532Z,1,0.100000,96764
2026.01.06 12:07:00Z,AF-CAND-0733,mt5run-20260414T001532Z,-1,0.100000,96806
2026.01.07 08:16:00Z,AF-CAND-0733,mt5run-20260414T001532Z,-1,0.100000,98009
2026.01.07 10:50:00Z,AF-CAND-0733,mt5run-20260414T001532Z,1,0.100000,98163
2026.01.07 13:24:00Z,AF-CAND-0733,mt5run-20260414T001532Z,1,0.100000,98317
2026.01.08 08:12:00Z,AF-CAND-0733,mt5run-20260414T001532Z,-1,0.100000,99437
2026.01.08 10:45:00Z,AF-CAND-0733,mt5run-20260414T001532Z,-1,0.100000,99590
2026.01.08 11:01:00Z,AF-CAND-0733,mt5run-20260414T001532Z,1,0.100000,99606
2026.01.08 13:24:00Z,AF-CAND-0733,mt5run-20260414T001532Z,-1,0.100000,99749
2026.01.09 08:00:00Z,AF-CAND-0733,mt5run-20260414T001532Z,-1,0.100000,100859
2026.01.09 10:31:00Z,AF-CAND-0733,mt5run-20260414T001532Z,-1,0.100000,101010
2026.01.09 13:26:00Z,AF-CAND-0733,mt5run-20260414T001532Z,-1,0.100000,101185
2026.01.12 08:08:00Z,AF-CAND-0733,mt5run-20260414T001532Z,1,0.100000,102301
2026.01.12 10:39:00Z,AF-CAND-0733,mt5run-20260414T001532Z,-1,0.100000,102452
2026.01.12 13:10:00Z,AF-CAND-0733,mt5run-20260414T001532Z,1,0.100000,102603
2026.01.13 08:07:00Z,AF-CAND-0733,mt5run-20260414T001532Z,1,0.100000,103734
2026.01.13 11:01:00Z,AF-CAND-0733,mt5run-20260414T001532Z,1,0.100000,103908
2026.01.13 12:23:00Z,AF-CAND-0733,mt5run-20260414T001532Z,1,0.100000,103990
2026.01.13 13:41:00Z,AF-CAND-0733,mt5run-20260414T001532Z,-1,0.100000,104068
2026.01.14 08:00:00Z,AF-CAND-0733,mt5run-20260414T001532Z,1,0.100000,105161
2026.01.14 09:25:00Z,AF-CAND-0733,mt5run-20260414T001532Z,-1,0.100000,105246
2026.01.14 10:15:00Z,AF-CAND-0733,mt5run-20260414T001532Z,1,0.100000,105296
2026.01.14 12:50:00Z,AF-CAND-0733,mt5run-20260414T001532Z,-1,0.100000,105451
2026.01.14 13:01:00Z,AF-CAND-0733,mt5run-20260414T001532Z,1,0.100000,105462
2026.01.15 08:00:00Z,AF-CAND-0733,mt5run-20260414T001532Z,1,0.100000,106594
2026.01.15 08:26:00Z,AF-CAND-0733,mt5run-20260414T001532Z,-1,0.100000,106620
2026.01.15 09:27:00Z,AF-CAND-0733,mt5run-20260414T001532Z,1,0.100000,106681
2026.01.15 12:20:00Z,AF-CAND-0733,mt5run-20260414T001532Z,-1,0.100000,106854
2026.01.16 08:01:00Z,AF-CAND-0733,mt5run-20260414T001532Z,1,0.100000,108027
2026.01.16 11:27:00Z,AF-CAND-0733,mt5run-20260414T001532Z,1,0.100000,108233
2026.01.19 08:03:00Z,AF-CAND-0733,mt5run-20260414T001532Z,1,0.100000,109462
2026.01.19 09:08:00Z,AF-CAND-0733,mt5run-20260414T001532Z,-1,0.100000,109527
2026.01.19 10:02:00Z,AF-CAND-0733,mt5run-20260414T001532Z,1,0.100000,109581
2026.01.19 10:11:00Z,AF-CAND-0733,mt5run-20260414T001532Z,-1,0.100000,109590
2026.01.19 11:25:00Z,AF-CAND-0733,mt5run-20260414T001532Z,-1,0.100000,109664
2026.01.19 13:42:00Z,AF-CAND-0733,mt5run-20260414T001532Z,1,0.100000,109801
2026.01.19 13:56:00Z,AF-CAND-0733,mt5run-20260414T001532Z,-1,0.100000,109815
2026.01.20 08:08:00Z,AF-CAND-0733,mt5run-20260414T001532Z,-1,0.100000,110898
2026.01.20 08:19:00Z,AF-CAND-0733,mt5run-20260414T001532Z,1,0.100000,110909
2026.01.20 09:09:00Z,AF-CAND-0733,mt5run-20260414T001532Z,1,0.100000,110959
2026.01.20 09:54:00Z,AF-CAND-0733,mt5run-20260414T001532Z,1,0.100000,111004
2026.01.20 12:26:00Z,AF-CAND-0733,mt5run-20260414T001532Z,1,0.100000,111156
2026.01.21 08:02:00Z,AF-CAND-0733,mt5run-20260414T001532Z,-1,0.100000,112326
2026.01.21 10:34:00Z,AF-CAND-0733,mt5run-20260414T001532Z,-1,0.100000,112478
2026.01.21 12:28:00Z,AF-CAND-0733,mt5run-20260414T001532Z,1,0.100000,112592
2026.01.22 08:26:00Z,AF-CAND-0733,mt5run-20260414T001532Z,1,0.100000,113783
2026.01.22 10:58:00Z,AF-CAND-0733,mt5run-20260414T001532Z,-1,0.100000,113935
2026.01.22 12:22:00Z,AF-CAND-0733,mt5run-20260414T001532Z,-1,0.100000,114019
2026.01.22 12:32:00Z,AF-CAND-0733,mt5run-20260414T001532Z,1,0.100000,114029
2026.01.23 08:00:00Z,AF-CAND-0733,mt5run-20260414T001532Z,-1,0.100000,115190
2026.01.23 10:54:00Z,AF-CAND-0733,mt5run-20260414T001532Z,-1,0.100000,115364
2026.01.23 13:48:00Z,AF-CAND-0733,mt5run-20260414T001532Z,1,0.100000,115538
2026.01.26 08:00:00Z,AF-CAND-0733,mt5run-20260414T001532Z,-1,0.100000,116624
2026.01.26 08:10:00Z,AF-CAND-0733,mt5run-20260414T001532Z,1,0.100000,116634
2026.01.26 08:33:00Z,AF-CAND-0733,mt5run-20260414T001532Z,-1,0.100000,116657
2026.01.26 09:37:00Z,AF-CAND-0733,mt5run-20260414T001532Z,1,0.100000,116721
2026.01.26 09:46:00Z,AF-CAND-0733,mt5run-20260414T001532Z,-1,0.100000,116730
2026.01.26 09:52:00Z,AF-CAND-0733,mt5run-20260414T001532Z,1,0.100000,116736
2026.01.26 10:11:00Z,AF-CAND-0733,mt5run-20260414T001532Z,-1,0.100000,116755
2026.01.26 10:26:00Z,AF-CAND-0733,mt5run-20260414T001532Z,1,0.100000,116770
2026.01.26 12:28:00Z,AF-CAND-0733,mt5run-20260414T001532Z,-1,0.100000,116892
2026.01.26 12:43:00Z,AF-CAND-0733,mt5run-20260414T001532Z,1,0.100000,116907
2026.01.26 13:26:00Z,AF-CAND-0733,mt5run-20260414T001532Z,-1,0.100000,116950
2026.01.27 08:00:00Z,AF-CAND-0733,mt5run-20260414T001532Z,-1,0.100000,118058
2026.01.27 10:32:00Z,AF-CAND-0733,mt5run-20260414T001532Z,1,0.100000,118210
2026.01.27 12:56:00Z,AF-CAND-0733,mt5run-20260414T001532Z,1,0.100000,118354
2026.01.27 13:27:00Z,AF-CAND-0733,mt5run-20260414T001532Z,1,0.100000,118385
2026.01.27 13:29:00Z,AF-CAND-0733,mt5run-20260414T001532Z,1,0.100000,118387
2026.01.27 13:38:00Z,AF-CAND-0733,mt5run-20260414T001532Z,-1,0.100000,118396
2026.01.27 13:43:00Z,AF-CAND-0733,mt5run-20260414T001532Z,1,0.100000,118401
2026.01.28 08:01:00Z,AF-CAND-0733,mt5run-20260414T001532Z,1,0.100000,119493
2026.01.28 08:15:00Z,AF-CAND-0733,mt5run-20260414T001532Z,1,0.100000,119507
2026.01.28 08:27:00Z,AF-CAND-0733,mt5run-20260414T001532Z,-1,0.100000,119519
2026.01.28 08:54:00Z,AF-CAND-0733,mt5run-20260414T001532Z,-1,0.100000,119546
2026.01.28 09:00:00Z,AF-CAND-0733,mt5run-20260414T001532Z,1,0.100000,119552
2026.01.28 09:46:00Z,AF-CAND-0733,mt5run-20260414T001532Z,-1,0.100000,119598
2026.01.28 10:34:00Z,AF-CAND-0733,mt5run-20260414T001532Z,1,0.100000,119646
2026.01.28 11:05:00Z,AF-CAND-0733,mt5run-20260414T001532Z,-1,0.100000,119677
2026.01.28 11:45:00Z,AF-CAND-0733,mt5run-20260414T001532Z,1,0.100000,119717
2026.01.28 12:05:00Z,AF-CAND-0733,mt5run-20260414T001532Z,-1,0.100000,119737
2026.01.29 08:02:00Z,AF-CAND-0733,mt5run-20260414T001532Z,1,0.100000,120924
2026.01.29 08:30:00Z,AF-CAND-0733,mt5run-20260414T001532Z,-1,0.100000,120952
2026.01.29 10:50:00Z,AF-CAND-0733,mt5run-20260414T001532Z,-1,0.100000,121092
2026.01.29 13:40:00Z,AF-CAND-0733,mt5run-20260414T001532Z,-1,0.100000,121262
2026.01.29 13:51:00Z,AF-CAND-0733,mt5run-20260414T001532Z,1,0.100000,121273
2026.01.30 08:07:00Z,AF-CAND-0733,mt5run-20260414T001532Z,1,0.100000,122361
2026.01.30 08:27:00Z,AF-CAND-0733,mt5run-20260414T001532Z,1,0.100000,122381
2026.01.30 10:22:00Z,AF-CAND-0733,mt5run-20260414T001532Z,-1,0.100000,122496
2026.01.30 12:09:00Z,AF-CAND-0733,mt5run-20260414T001532Z,1,0.100000,122603
2026.01.30 13:03:00Z,AF-CAND-0733,mt5run-20260414T001532Z,1,0.200000,122657
2026.01.30 13:22:00Z,AF-CAND-0733,mt5run-20260414T001532Z,-1,0.100000,122676
2026.01.30 13:46:00Z,AF-CAND-0733,mt5run-20260414T001532Z,-1,0.100000,122700
2026.02.02 08:00:00Z,AF-CAND-0733,mt5run-20260414T001532Z,1,0.100000,123786
2026.02.02 09:59:00Z,AF-CAND-0733,mt5run-20260414T001532Z,-1,0.100000,123905
2026.02.02 10:03:00Z,AF-CAND-0733,mt5run-20260414T001532Z,-1,0.100000,123909
2026.02.02 10:26:00Z,AF-CAND-0733,mt5run-20260414T001532Z,1,0.100000,123932
2026.02.02 13:00:00Z,AF-CAND-0733,mt5run-20260414T001532Z,1,0.200000,124086
2026.02.02 13:13:00Z,AF-CAND-0733,mt5run-20260414T001532Z,-1,0.100000,124099
2026.02.03 08:01:00Z,AF-CAND-0733,mt5run-20260414T001532Z,-1,0.100000,125221
2026.02.03 08:15:00Z,AF-CAND-0733,mt5run-20260414T001532Z,1,0.100000,125235
2026.02.03 09:07:00Z,AF-CAND-0733,mt5run-20260414T001532Z,-1,0.100000,125287
2026.02.03 09:54:00Z,AF-CAND-0733,mt5run-20260414T001532Z,1,0.100000,125334
2026.02.03 10:03:00Z,AF-CAND-0733,mt5run-20260414T001532Z,-1,0.100000,125343
2026.02.03 12:03:00Z,AF-CAND-0733,mt5run-20260414T001532Z,-1,0.100000,125463
2026.02.03 12:18:00Z,AF-CAND-0733,mt5run-20260414T001532Z,-1,0.100000,125478
2026.02.03 12:34:00Z,AF-CAND-0733,mt5run-20260414T001532Z,1,0.200000,125494
2026.02.03 12:49:00Z,AF-CAND-0733,mt5run-20260414T001532Z,-1,0.100000,125509
2026.02.03 13:22:00Z,AF-CAND-0733,mt5run-20260414T001532Z,1,0.100000,125542
2026.02.04 08:13:00Z,AF-CAND-0733,mt5run-20260414T001532Z,-1,0.100000,126667
2026.02.04 09:12:00Z,AF-CAND-0733,mt5run-20260414T001532Z,1,0.100000,126726
2026.02.04 09:31:00Z,AF-CAND-0733,mt5run-20260414T001532Z,-1,0.100000,126745
2026.02.04 12:05:00Z,AF-CAND-0733,mt5run-20260414T001532Z,1,0.100000,126899
2026.02.04 12:17:00Z,AF-CAND-0733,mt5run-20260414T001532Z,-1,0.100000,126911
2026.02.04 12:41:00Z,AF-CAND-0733,mt5run-20260414T001532Z,1,0.100000,126935
2026.02.05 08:01:00Z,AF-CAND-0733,mt5run-20260414T001532Z,1,0.100000,128089
2026.02.05 10:26:00Z,AF-CAND-0733,mt5run-20260414T001532Z,-1,0.100000,128234
2026.02.05 12:36:00Z,AF-CAND-0733,mt5run-20260414T001532Z,1,0.100000,128364
2026.02.05 13:23:00Z,AF-CAND-0733,mt5run-20260414T001532Z,-1,0.100000,128411
2026.02.05 13:31:00Z,AF-CAND-0733,mt5run-20260414T001532Z,1,0.100000,128419
2026.02.05 13:47:00Z,AF-CAND-0733,mt5run-20260414T001532Z,1,0.100000,128435
2026.02.05 13:53:00Z,AF-CAND-0733,mt5run-20260414T001532Z,1,0.100000,128441
2026.02.06 08:01:00Z,AF-CAND-0733,mt5run-20260414T001532Z,-1,0.100000,129523
2026.02.06 10:32:00Z,AF-CAND-0733,mt5run-20260414T001532Z,1,0.100000,129674
2026.02.06 11:51:00Z,AF-CAND-0733,mt5run-20260414T001532Z,-1,0.100000,129753
2026.02.09 08:03:00Z,AF-CAND-0733,mt5run-20260414T001532Z,-1,0.100000,130959
2026.02.09 08:41:00Z,AF-CAND-0733,mt5run-20260414T001532Z,1,0.100000,130997
2026.02.09 08:53:00Z,AF-CAND-0733,mt5run-20260414T001532Z,-1,0.100000,131009
2026.02.09 09:04:00Z,AF-CAND-0733,mt5run-20260414T001532Z,1,0.100000,131020
2026.02.09 09:30:00Z,AF-CAND-0733,mt5run-20260414T001532Z,-1,0.100000,131046
2026.02.09 09:43:00Z,AF-CAND-0733,mt5run-20260414T001532Z,1,0.100000,131059
2026.02.09 12:14:00Z,AF-CAND-0733,mt5run-20260414T001532Z,1,0.100000,131210
2026.02.10 08:05:00Z,AF-CAND-0733,mt5run-20260414T001532Z,1,0.100000,132395
2026.02.10 10:40:00Z,AF-CAND-0733,mt5run-20260414T001532Z,-1,0.100000,132550
2026.02.10 13:26:00Z,AF-CAND-0733,mt5run-20260414T001532Z,1,0.100000,132716
2026.02.10 13:44:00Z,AF-CAND-0733,mt5run-20260414T001532Z,-1,0.100000,132734
2026.02.11 08:07:00Z,AF-CAND-0733,mt5run-20260414T001532Z,-1,0.100000,133829
2026.02.11 10:40:00Z,AF-CAND-0733,mt5run-20260414T001532Z,1,0.100000,133982
2026.02.11 12:35:00Z,AF-CAND-0733,mt5run-20260414T001532Z,-1,0.100000,134097
2026.02.12 08:00:00Z,AF-CAND-0733,mt5run-20260414T001532Z,-1,0.100000,135255
2026.02.12 08:18:00Z,AF-CAND-0733,mt5run-20260414T001532Z,1,0.100000,135273
2026.02.12 10:54:00Z,AF-CAND-0733,mt5run-20260414T001532Z,1,0.100000,135429
2026.02.12 11:11:00Z,AF-CAND-0733,mt5run-20260414T001532Z,-1,0.100000,135446
2026.02.12 13:42:00Z,AF-CAND-0733,mt5run-20260414T001532Z,-1,0.100000,135597
2026.02.13 08:02:00Z,AF-CAND-0733,mt5run-20260414T001532Z,-1,0.100000,136691
2026.02.13 09:34:00Z,AF-CAND-0733,mt5run-20260414T001532Z,-1,0.100000,136783
2026.02.13 10:02:00Z,AF-CAND-0733,mt5run-20260414T001532Z,1,0.100000,136811
2026.02.13 11:23:00Z,AF-CAND-0733,mt5run-20260414T001532Z,-1,0.100000,136892
2026.02.13 13:26:00Z,AF-CAND-0733,mt5run-20260414T001532Z,1,0.100000,137014
2026.02.16 08:00:00Z,AF-CAND-0733,mt5run-20260414T001532Z,-1,0.100000,138121
2026.02.16 11:17:00Z,AF-CAND-0733,mt5run-20260414T001532Z,1,0.100000,138318
2026.02.16 13:17:00Z,AF-CAND-0733,mt5run-20260414T001532Z,-1,0.100000,138438
2026.02.17 08:04:00Z,AF-CAND-0733,mt5run-20260414T001532Z,-1,0.100000,139551
2026.02.17 10:45:00Z,AF-CAND-0733,mt5run-20260414T001532Z,-1,0.100000,139712
2026.02.17 13:16:00Z,AF-CAND-0733,mt5run-20260414T001532Z,1,0.100000,139863
2026.02.17 13:47:00Z,AF-CAND-0733,mt5run-20260414T001532Z,-1,0.100000,139894
2026.02.18 08:11:00Z,AF-CAND-0733,mt5run-20260414T001532Z,-1,0.100000,140989
2026.02.18 10:42:00Z,AF-CAND-0733,mt5run-20260414T001532Z,-1,0.100000,141140
2026.02.18 10:53:00Z,AF-CAND-0733,mt5run-20260414T001532Z,1,0.100000,141151
2026.02.18 13:24:00Z,AF-CAND-0733,mt5run-20260414T001532Z,1,0.100000,141302
2026.02.19 08:01:00Z,AF-CAND-0733,mt5run-20260414T001532Z,-1,0.100000,142410
2026.02.19 08:54:00Z,AF-CAND-0733,mt5run-20260414T001532Z,1,0.100000,142463
2026.02.19 11:18:00Z,AF-CAND-0733,mt5run-20260414T001532Z,-1,0.100000,142607
2026.02.19 13:51:00Z,AF-CAND-0733,mt5run-20260414T001532Z,-1,0.100000,142760
2026.02.20 08:01:00Z,AF-CAND-0733,mt5run-20260414T001532Z,1,0.100000,143840
2026.02.20 09:06:00Z,AF-CAND-0733,mt5run-20260414T001532Z,-1,0.100000,143905
2026.02.20 09:27:00Z,AF-CAND-0733,mt5run-20260414T001532Z,1,0.100000,143926
2026.02.20 12:02:00Z,AF-CAND-0733,mt5run-20260414T001532Z,-1,0.100000,144081
2026.02.20 12:48:00Z,AF-CAND-0733,mt5run-20260414T001532Z,1,0.100000,144127
2026.02.23 08:00:00Z,AF-CAND-0733,mt5run-20260414T001532Z,-1,0.100000,145273
2026.02.23 10:31:00Z,AF-CAND-0733,mt5run-20260414T001532Z,1,0.100000,145424
2026.02.23 10:54:00Z,AF-CAND-0733,mt5run-20260414T001532Z,-1,0.100000,145447
2026.02.23 13:22:00Z,AF-CAND-0733,mt5run-20260414T001532Z,-1,0.100000,145595
2026.02.24 08:06:00Z,AF-CAND-0733,mt5run-20260414T001532Z,-1,0.100000,146713
2026.02.24 08:34:00Z,AF-CAND-0733,mt5run-20260414T001532Z,1,0.100000,146741
2026.02.24 09:07:00Z,AF-CAND-0733,mt5run-20260414T001532Z,-1,0.100000,146774
2026.02.24 09:22:00Z,AF-CAND-0733,mt5run-20260414T001532Z,1,0.100000,146789
2026.02.24 11:53:00Z,AF-CAND-0733,mt5run-20260414T001532Z,-1,0.100000,146940
2026.02.25 08:01:00Z,AF-CAND-0733,mt5run-20260414T001532Z,1,0.100000,148142
2026.02.25 08:57:00Z,AF-CAND-0733,mt5run-20260414T001532Z,-1,0.100000,148198
2026.02.25 11:31:00Z,AF-CAND-0733,mt5run-20260414T001532Z,-1,0.100000,148352
2026.02.26 08:02:00Z,AF-CAND-0733,mt5run-20260414T001532Z,-1,0.100000,149577
2026.02.26 10:41:00Z,AF-CAND-0733,mt5run-20260414T001532Z,-1,0.100000,149736
2026.02.26 13:17:00Z,AF-CAND-0733,mt5run-20260414T001532Z,1,0.100000,149892
2026.02.27 08:01:00Z,AF-CAND-0733,mt5run-20260414T001532Z,-1,0.100000,151009
2026.02.27 08:44:00Z,AF-CAND-0733,mt5run-20260414T001532Z,1,0.100000,151052
2026.02.27 10:42:00Z,AF-CAND-0733,mt5run-20260414T001532Z,-1,0.100000,151170
2026.02.27 13:13:00Z,AF-CAND-0733,mt5run-20260414T001532Z,1,0.100000,151321
2026.03.02 08:03:00Z,AF-CAND-0733,mt5run-20260414T001532Z,-1,0.100000,152445
2026.03.02 08:51:00Z,AF-CAND-0733,mt5run-20260414T001532Z,-1,0.100000,152493
2026.03.02 08:58:00Z,AF-CAND-0733,mt5run-20260414T001532Z,1,0.100000,152500
2026.03.02 09:21:00Z,AF-CAND-0733,mt5run-20260414T001532Z,-1,0.100000,152523
2026.03.02 09:45:00Z,AF-CAND-0733,mt5run-20260414T001532Z,1,0.100000,152547
2026.03.02 10:06:00Z,AF-CAND-0733,mt5run-20260414T001532Z,1,0.100000,152568
2026.03.02 12:17:00Z,AF-CAND-0733,mt5run-20260414T001532Z,-1,0.100000,152699
2026.03.02 12:48:00Z,AF-CAND-0733,mt5run-20260414T001532Z,1,0.100000,152730
2026.03.02 13:01:00Z,AF-CAND-0733,mt5run-20260414T001532Z,-1,0.100000,152743
2026.03.02 13:49:00Z,AF-CAND-0733,mt5run-20260414T001532Z,-1,0.100000,152791
2026.03.03 08:03:00Z,AF-CAND-0733,mt5run-20260414T001532Z,-1,0.100000,153879
2026.03.03 09:07:00Z,AF-CAND-0733,mt5run-20260414T001532Z,-1,0.100000,153943
2026.03.03 10:23:00Z,AF-CAND-0733,mt5run-20260414T001532Z,-1,0.200000,154019
2026.03.03 11:39:00Z,AF-CAND-0733,mt5run-20260414T001532Z,-1,0.100000,154095
2026.03.03 11:50:00Z,AF-CAND-0733,mt5run-20260414T001532Z,1,0.100000,154106
2026.03.03 11:57:00Z,AF-CAND-0733,mt5run-20260414T001532Z,-1,0.100000,154113
2026.03.03 12:51:00Z,AF-CAND-0733,mt5run-20260414T001532Z,1,0.100000,154167
2026.03.03 12:58:00Z,AF-CAND-0733,mt5run-20260414T001532Z,-1,0.100000,154174
2026.03.03 13:12:00Z,AF-CAND-0733,mt5run-20260414T001532Z,1,0.100000,154188
2026.03.03 13:19:00Z,AF-CAND-0733,mt5run-20260414T001532Z,1,0.100000,154195
2026.03.04 08:07:00Z,AF-CAND-0733,mt5run-20260414T001532Z,1,0.100000,155317
2026.03.04 09:05:00Z,AF-CAND-0733,mt5run-20260414T001532Z,-1,0.100000,155375
2026.03.04 10:17:00Z,AF-CAND-0733,mt5run-20260414T001532Z,1,0.100000,155447
2026.03.04 10:57:00Z,AF-CAND-0733,mt5run-20260414T001532Z,-1,0.100000,155487
2026.03.04 11:06:00Z,AF-CAND-0733,mt5run-20260414T001532Z,1,0.100000,155496
2026.03.04 11:09:00Z,AF-CAND-0733,mt5run-20260414T001532Z,1,0.100000,155499
2026.03.04 11:10:00Z,AF-CAND-0733,mt5run-20260414T001532Z,1,0.100000,155500
2026.03.04 11:25:00Z,AF-CAND-0733,mt5run-20260414T001532Z,1,0.100000,155515
2026.03.04 11:34:00Z,AF-CAND-0733,mt5run-20260414T001532Z,-1,0.100000,155524
2026.03.04 11:46:00Z,AF-CAND-0733,mt5run-20260414T001532Z,1,0.100000,155536
2026.03.04 11:57:00Z,AF-CAND-0733,mt5run-20260414T001532Z,-1,0.100000,155547
2026.03.04 12:13:00Z,AF-CAND-0733,mt5run-20260414T001532Z,1,0.100000,155563
2026.03.04 12:56:00Z,AF-CAND-0733,mt5run-20260414T001532Z,-1,0.100000,155606
2026.03.04 13:04:00Z,AF-CAND-0733,mt5run-20260414T001532Z,1,0.100000,155614
2026.03.04 13:26:00Z,AF-CAND-0733,mt5run-20260414T001532Z,-1,0.200000,155636
2026.03.05 08:01:00Z,AF-CAND-0733,mt5run-20260414T001532Z,1,0.100000,156745
2026.03.05 08:15:00Z,AF-CAND-0733,mt5run-20260414T001532Z,-1,0.100000,156759
2026.03.05 08:35:00Z,AF-CAND-0733,mt5run-20260414T001532Z,1,0.100000,156779
2026.03.05 08:54:00Z,AF-CAND-0733,mt5run-20260414T001532Z,-1,0.100000,156798
2026.03.05 10:06:00Z,AF-CAND-0733,mt5run-20260414T001532Z,1,0.100000,156870
2026.03.05 10:08:00Z,AF-CAND-0733,mt5run-20260414T001532Z,1,0.100000,156872
2026.03.05 10:10:00Z,AF-CAND-0733,mt5run-20260414T001532Z,1,0.100000,156874
2026.03.05 10:15:00Z,AF-CAND-0733,mt5run-20260414T001532Z,1,0.100000,156879
2026.03.05 10:20:00Z,AF-CAND-0733,mt5run-20260414T001532Z,-1,0.100000,156884
2026.03.05 10:25:00Z,AF-CAND-0733,mt5run-20260414T001532Z,1,0.100000,156889
2026.03.05 10:28:00Z,AF-CAND-0733,mt5run-20260414T001532Z,-1,0.100000,156892
2026.03.05 12:59:00Z,AF-CAND-0733,mt5run-20260414T001532Z,1,0.100000,157043
2026.03.06 08:00:00Z,AF-CAND-0733,mt5run-20260414T001532Z,1,0.100000,158175
2026.03.06 09:14:00Z,AF-CAND-0733,mt5run-20260414T001532Z,-1,0.100000,158249
2026.03.06 09:17:00Z,AF-CAND-0733,mt5run-20260414T001532Z,1,0.100000,158252
2026.03.06 09:21:00Z,AF-CAND-0733,mt5run-20260414T001532Z,-1,0.100000,158256
2026.03.06 09:41:00Z,AF-CAND-0733,mt5run-20260414T001532Z,1,0.100000,158276
2026.03.06 09:51:00Z,AF-CAND-0733,mt5run-20260414T001532Z,-1,0.200000,158286
2026.03.06 10:33:00Z,AF-CAND-0733,mt5run-20260414T001532Z,-1,0.100000,158328
2026.03.06 13:04:00Z,AF-CAND-0733,mt5run-20260414T001532Z,-1,0.100000,158479
2026.03.06 13:35:00Z,AF-CAND-0733,mt5run-20260414T001532Z,1,0.100000,158510
2026.03.06 13:50:00Z,AF-CAND-0733,mt5run-20260414T001532Z,-1,0.100000,158525
2026.03.09 08:01:00Z,AF-CAND-0733,mt5run-20260414T001532Z,-1,0.100000,159610
2026.03.09 09:03:00Z,AF-CAND-0733,mt5run-20260414T001532Z,-1,0.100000,159672
2026.03.09 09:08:00Z,AF-CAND-0733,mt5run-20260414T001532Z,1,0.100000,159677
2026.03.09 09:20:00Z,AF-CAND-0733,mt5run-20260414T001532Z,-1,0.100000,159689
2026.03.09 09:28:00Z,AF-CAND-0733,mt5run-20260414T001532Z,1,0.100000,159697
2026.03.09 10:17:00Z,AF-CAND-0733,mt5run-20260414T001532Z,-1,0.100000,159746
2026.03.09 10:33:00Z,AF-CAND-0733,mt5run-20260414T001532Z,-1,0.100000,159762
2026.03.09 10:59:00Z,AF-CAND-0733,mt5run-20260414T001532Z,1,0.100000,159788
2026.03.09 11:33:00Z,AF-CAND-0733,mt5run-20260414T001532Z,1,0.100000,159822
2026.03.09 11:52:00Z,AF-CAND-0733,mt5run-20260414T001532Z,1,0.200000,159841
2026.03.09 12:00:00Z,AF-CAND-0733,mt5run-20260414T001532Z,-1,0.100000,159849
2026.03.09 12:07:00Z,AF-CAND-0733,mt5run-20260414T001532Z,1,0.100000,159856
2026.03.09 12:09:00Z,AF-CAND-0733,mt5run-20260414T001532Z,-1,0.100000,159858
2026.03.09 12:38:00Z,AF-CAND-0733,mt5run-20260414T001532Z,1,0.100000,159887
2026.03.09 12:45:00Z,AF-CAND-0733,mt5run-20260414T001532Z,1,0.100000,159894
2026.03.09 12:50:00Z,AF-CAND-0733,mt5run-20260414T001532Z,-1,0.100000,159899
2026.03.09 13:04:00Z,AF-CAND-0733,mt5run-20260414T001532Z,1,0.100000,159913
2026.03.09 13:48:00Z,AF-CAND-0733,mt5run-20260414T001532Z,-1,0.200000,159957
2026.03.09 13:56:00Z,AF-CAND-0733,mt5run-20260414T001532Z,1,0.100000,159965
2026.03.09 13:58:00Z,AF-CAND-0733,mt5run-20260414T001532Z,-1,0.100000,159967
2026.03.10 08:00:00Z,AF-CAND-0733,mt5run-20260414T001532Z,1,0.100000,161043
2026.03.10 09:29:00Z,AF-CAND-0733,mt5run-20260414T001532Z,1,0.100000,161132
2026.03.10 12:01:00Z,AF-CAND-0733,mt5run-20260414T001532Z,-1,0.100000,161284
2026.03.10 12:38:00Z,AF-CAND-0733,mt5run-20260414T001532Z,-1,0.100000,161321
2026.03.10 12:56:00Z,AF-CAND-0733,mt5run-20260414T001532Z,1,0.100000,161339
2026.03.11 08:03:00Z,AF-CAND-0733,mt5run-20260414T001532Z,1,0.100000,162478
2026.03.11 09:06:00Z,AF-CAND-0733,mt5run-20260414T001532Z,-1,0.100000,162541
2026.03.11 09:14:00Z,AF-CAND-0733,mt5run-20260414T001532Z,-1,0.100000,162549
2026.03.11 09:16:00Z,AF-CAND-0733,mt5run-20260414T001532Z,1,0.100000,162551
2026.03.11 09:21:00Z,AF-CAND-0733,mt5run-20260414T001532Z,-1,0.100000,162556
2026.03.11 11:02:00Z,AF-CAND-0733,mt5run-20260414T001532Z,-1,0.100000,162657
2026.03.11 12:41:00Z,AF-CAND-0733,mt5run-20260414T001532Z,1,0.100000,162756
2026.03.11 13:12:00Z,AF-CAND-0733,mt5run-20260414T001532Z,-1,0.100000,162787
2026.03.11 13:17:00Z,AF-CAND-0733,mt5run-20260414T001532Z,1,0.100000,162792
2026.03.11 13:20:00Z,AF-CAND-0733,mt5run-20260414T001532Z,-1,0.100000,162795
2026.03.12 08:02:00Z,AF-CAND-0733,mt5run-20260414T001532Z,1,0.100000,163907
2026.03.12 10:34:00Z,AF-CAND-0733,mt5run-20260414T001532Z,-1,0.100000,164059
2026.03.12 11:27:00Z,AF-CAND-0733,mt5run-20260414T001532Z,1,0.100000,164112
2026.03.13 08:03:00Z,AF-CAND-0733,mt5run-20260414T001532Z,-1,0.200000,165341
2026.03.13 09:07:00Z,AF-CAND-0733,mt5run-20260414T001532Z,-1,0.100000,165405
2026.03.13 10:05:00Z,AF-CAND-0733,mt5run-20260414T001532Z,-1,0.100000,165463
2026.03.13 11:15:00Z,AF-CAND-0733,mt5run-20260414T001532Z,1,0.100000,165533
2026.03.13 11:45:00Z,AF-CAND-0733,mt5run-20260414T001532Z,-1,0.100000,165563
2026.03.13 12:03:00Z,AF-CAND-0733,mt5run-20260414T001532Z,1,0.100000,165581
2026.03.13 12:28:00Z,AF-CAND-0733,mt5run-20260414T001532Z,-1,0.100000,165606
2026.03.13 12:48:00Z,AF-CAND-0733,mt5run-20260414T001532Z,1,0.100000,165626
2026.03.16 08:01:00Z,AF-CAND-0733,mt5run-20260414T001532Z,-1,0.100000,166773
2026.03.16 10:24:00Z,AF-CAND-0733,mt5run-20260414T001532Z,1,0.100000,166916
2026.03.16 10:49:00Z,AF-CAND-0733,mt5run-20260414T001532Z,1,0.100000,166941
2026.03.16 12:21:00Z,AF-CAND-0733,mt5run-20260414T001532Z,1,0.100000,167033
2026.03.17 08:00:00Z,AF-CAND-0733,mt5run-20260414T001532Z,-1,0.100000,168205
2026.03.17 09:07:00Z,AF-CAND-0733,mt5run-20260414T001532Z,1,0.100000,168272
2026.03.17 10:44:00Z,AF-CAND-0733,mt5run-20260414T001532Z,1,0.100000,168369
2026.03.17 13:15:00Z,AF-CAND-0733,mt5run-20260414T001532Z,1,0.100000,168520
2026.03.18 08:35:00Z,AF-CAND-0733,mt5run-20260414T001532Z,-1,0.100000,169674
2026.03.18 10:26:00Z,AF-CAND-0733,mt5run-20260414T001532Z,-1,0.100000,169785
2026.03.18 10:36:00Z,AF-CAND-0733,mt5run-20260414T001532Z,1,0.100000,169795
2026.03.18 13:09:00Z,AF-CAND-0733,mt5run-20260414T001532Z,1,0.200000,169948
2026.03.18 13:28:00Z,AF-CAND-0733,mt5run-20260414T001532Z,-1,0.100000,169967
2026.03.18 13:42:00Z,AF-CAND-0733,mt5run-20260414T001532Z,1,0.200000,169981
2026.03.19 08:02:00Z,AF-CAND-0733,mt5run-20260414T001532Z,-1,0.100000,171075
2026.03.19 08:15:00Z,AF-CAND-0733,mt5run-20260414T001532Z,1,0.100000,171088
2026.03.19 08:34:00Z,AF-CAND-0733,mt5run-20260414T001532Z,-1,0.100000,171107
2026.03.19 09:09:00Z,AF-CAND-0733,mt5run-20260414T001532Z,1,0.100000,171142
2026.03.19 09:16:00Z,AF-CAND-0733,mt5run-20260414T001532Z,1,0.100000,171149
2026.03.19 09:33:00Z,AF-CAND-0733,mt5run-20260414T001532Z,-1,0.100000,171166
2026.03.19 11:22:00Z,AF-CAND-0733,mt5run-20260414T001532Z,1,0.100000,171275
2026.03.19 11:30:00Z,AF-CAND-0733,mt5run-20260414T001532Z,-1,0.100000,171283
2026.03.19 11:41:00Z,AF-CAND-0733,mt5run-20260414T001532Z,1,0.100000,171294
2026.03.20 08:03:00Z,AF-CAND-0733,mt5run-20260414T001532Z,1,0.100000,172510
2026.03.20 10:34:00Z,AF-CAND-0733,mt5run-20260414T001532Z,-1,0.100000,172661
2026.03.20 11:55:00Z,AF-CAND-0733,mt5run-20260414T001532Z,-1,0.100000,172742
2026.03.20 12:41:00Z,AF-CAND-0733,mt5run-20260414T001532Z,1,0.100000,172788
2026.03.20 13:43:00Z,AF-CAND-0733,mt5run-20260414T001532Z,1,0.100000,172850
2026.03.20 13:52:00Z,AF-CAND-0733,mt5run-20260414T001532Z,-1,0.100000,172859
2026.03.23 08:01:00Z,AF-CAND-0733,mt5run-20260414T001532Z,-1,0.100000,173940
2026.03.23 09:39:00Z,AF-CAND-0733,mt5run-20260414T001532Z,1,0.100000,174038
2026.03.23 09:54:00Z,AF-CAND-0733,mt5run-20260414T001532Z,-1,0.100000,174053
2026.03.23 10:12:00Z,AF-CAND-0733,mt5run-20260414T001532Z,1,0.100000,174071
2026.03.23 11:01:00Z,AF-CAND-0733,mt5run-20260414T001532Z,-1,0.100000,174120
2026.03.23 11:43:00Z,AF-CAND-0733,mt5run-20260414T001532Z,-1,0.100000,174162
2026.03.23 13:06:00Z,AF-CAND-0733,mt5run-20260414T001532Z,1,0.100000,174245
2026.03.23 13:07:00Z,AF-CAND-0733,mt5run-20260414T001532Z,1,0.100000,174246
2026.03.23 13:08:00Z,AF-CAND-0733,mt5run-20260414T001532Z,1,0.100000,174247
2026.03.23 13:09:00Z,AF-CAND-0733,mt5run-20260414T001532Z,1,0.100000,174248
2026.03.23 13:11:00Z,AF-CAND-0733,mt5run-20260414T001532Z,1,0.100000,174250
2026.03.23 13:18:00Z,AF-CAND-0733,mt5run-20260414T001532Z,1,0.100000,174257
2026.03.23 13:21:00Z,AF-CAND-0733,mt5run-20260414T001532Z,-1,0.100000,174260
2026.03.23 13:22:00Z,AF-CAND-0733,mt5run-20260414T001532Z,-1,0.100000,174261
2026.03.23 13:24:00Z,AF-CAND-0733,mt5run-20260414T001532Z,-1,0.100000,174263
2026.03.23 13:31:00Z,AF-CAND-0733,mt5run-20260414T001532Z,1,0.200000,174270
2026.03.23 13:47:00Z,AF-CAND-0733,mt5run-20260414T001532Z,-1,0.200000,174286
2026.03.23 13:56:00Z,AF-CAND-0733,mt5run-20260414T001532Z,-1,0.100000,174295
2026.03.24 08:00:00Z,AF-CAND-0733,mt5run-20260414T001532Z,-1,0.100000,175373
2026.03.24 08:56:00Z,AF-CAND-0733,mt5run-20260414T001532Z,1,0.100000,175429
2026.03.24 09:13:00Z,AF-CAND-0733,mt5run-20260414T001532Z,1,0.100000,175446
2026.03.24 09:27:00Z,AF-CAND-0733,mt5run-20260414T001532Z,-1,0.100000,175460
2026.03.24 11:16:00Z,AF-CAND-0733,mt5run-20260414T001532Z,-1,0.100000,175569
2026.03.24 11:32:00Z,AF-CAND-0733,mt5run-20260414T001532Z,1,0.100000,175585
2026.03.24 13:54:00Z,AF-CAND-0733,mt5run-20260414T001532Z,-1,0.200000,175727
2026.03.25 08:04:00Z,AF-CAND-0733,mt5run-20260414T001532Z,1,0.100000,176811
2026.03.25 10:35:00Z,AF-CAND-0733,mt5run-20260414T001532Z,1,0.100000,176962
2026.03.25 10:37:00Z,AF-CAND-0733,mt5run-20260414T001532Z,-1,0.100000,176964
2026.03.25 10:47:00Z,AF-CAND-0733,mt5run-20260414T001532Z,-1,0.100000,176974
2026.03.25 13:18:00Z,AF-CAND-0733,mt5run-20260414T001532Z,-1,0.100000,177125
2026.03.26 08:00:00Z,AF-CAND-0733,mt5run-20260414T001532Z,-1,0.100000,178241
2026.03.26 08:56:00Z,AF-CAND-0733,mt5run-20260414T001532Z,1,0.100000,178297
2026.03.26 09:06:00Z,AF-CAND-0733,mt5run-20260414T001532Z,-1,0.100000,178307
2026.03.26 11:11:00Z,AF-CAND-0733,mt5run-20260414T001532Z,1,0.100000,178432
2026.03.26 11:18:00Z,AF-CAND-0733,mt5run-20260414T001532Z,-1,0.100000,178439
2026.03.26 12:06:00Z,AF-CAND-0733,mt5run-20260414T001532Z,1,0.100000,178487
2026.03.26 12:48:00Z,AF-CAND-0733,mt5run-20260414T001532Z,-1,0.100000,178529
2026.03.26 13:48:00Z,AF-CAND-0733,mt5run-20260414T001532Z,-1,0.100000,178589
2026.03.27 08:00:00Z,AF-CAND-0733,mt5run-20260414T001532Z,-1,0.100000,179675
2026.03.27 09:59:00Z,AF-CAND-0733,mt5run-20260414T001532Z,-1,0.100000,179794
2026.03.27 10:33:00Z,AF-CAND-0733,mt5run-20260414T001532Z,1,0.200000,179828
2026.03.27 11:07:00Z,AF-CAND-0733,mt5run-20260414T001532Z,-1,0.100000,179862
2026.03.27 11:22:00Z,AF-CAND-0733,mt5run-20260414T001532Z,1,0.100000,179877
2026.03.27 12:41:00Z,AF-CAND-0733,mt5run-20260414T001532Z,-1,0.100000,179956
2026.03.30 08:01:00Z,AF-CAND-0733,mt5run-20260414T001532Z,-1,0.100000,181167
2026.03.30 10:18:00Z,AF-CAND-0733,mt5run-20260414T001532Z,-1,0.100000,181304
2026.03.30 10:25:00Z,AF-CAND-0733,mt5run-20260414T001532Z,1,0.100000,181311
2026.03.30 10:33:00Z,AF-CAND-0733,mt5run-20260414T001532Z,-1,0.100000,181319
2026.03.30 10:45:00Z,AF-CAND-0733,mt5run-20260414T001532Z,1,0.100000,181331
2026.03.30 12:39:00Z,AF-CAND-0733,mt5run-20260414T001532Z,-1,0.100000,181445
2026.03.31 08:06:00Z,AF-CAND-0733,mt5run-20260414T001532Z,1,0.100000,182606
2026.03.31 08:15:00Z,AF-CAND-0733,mt5run-20260414T001532Z,-1,0.100000,182615
2026.03.31 09:01:00Z,AF-CAND-0733,mt5run-20260414T001532Z,1,0.100000,182661
2026.03.31 09:15:00Z,AF-CAND-0733,mt5run-20260414T001532Z,-1,0.100000,182675
2026.03.31 09:48:00Z,AF-CAND-0733,mt5run-20260414T001532Z,1,0.100000,182708
2026.03.31 10:00:00Z,AF-CAND-0733,mt5run-20260414T001532Z,-1,0.200000,182720
2026.03.31 12:26:00Z,AF-CAND-0733,mt5run-20260414T001532Z,1,0.100000,182866
2026.03.31 13:10:00Z,AF-CAND-0733,mt5run-20260414T001532Z,1,0.100000,182910
2026.03.31 13:13:00Z,AF-CAND-0733,mt5run-20260414T001532Z,-1,0.100000,182913
2026.03.31 13:29:00Z,AF-CAND-0733,mt5run-20260414T001532Z,1,0.100000,182929
2026.04.01 08:00:00Z,AF-CAND-0733,mt5run-20260414T001532Z,1,0.100000,184034
2026.04.01 08:07:00Z,AF-CAND-0733,mt5run-20260414T001532Z,-1,0.100000,184041
2026.04.01 08:21:00Z,AF-CAND-0733,mt5run-20260414T001532Z,1,0.100000,184055
2026.04.01 08:41:00Z,AF-CAND-0733,mt5run-20260414T001532Z,-1,0.100000,184075
2026.04.01 08:47:00Z,AF-CAND-0733,mt5run-20260414T001532Z,1,0.100000,184081
2026.04.01 08:50:00Z,AF-CAND-0733,mt5run-20260414T001532Z,-1,0.100000,184084
2026.04.01 09:04:00Z,AF-CAND-0733,mt5run-20260414T001532Z,1,0.100000,184098
2026.04.01 09:19:00Z,AF-CAND-0733,mt5run-20260414T001532Z,1,0.100000,184113
2026.04.01 10:29:00Z,AF-CAND-0733,mt5run-20260414T001532Z,-1,0.100000,184183
2026.04.01 10:50:00Z,AF-CAND-0733,mt5run-20260414T001532Z,1,0.100000,184204
2026.04.01 13:22:00Z,AF-CAND-0733,mt5run-20260414T001532Z,-1,0.100000,184356
2026.04.01 13:41:00Z,AF-CAND-0733,mt5run-20260414T001532Z,1,0.100000,184375
2026.04.02 08:02:00Z,AF-CAND-0733,mt5run-20260414T001532Z,1,0.100000,185470
2026.04.02 08:07:00Z,AF-CAND-0733,mt5run-20260414T001532Z,-1,0.100000,185475
2026.04.02 08:18:00Z,AF-CAND-0733,mt5run-20260414T001532Z,1,0.100000,185486
2026.04.02 08:33:00Z,AF-CAND-0733,mt5run-20260414T001532Z,-1,0.100000,185501
2026.04.02 08:51:00Z,AF-CAND-0733,mt5run-20260414T001532Z,1,0.100000,185519
2026.04.02 10:21:00Z,AF-CAND-0733,mt5run-20260414T001532Z,-1,0.100000,185609
2026.04.02 10:34:00Z,AF-CAND-0733,mt5run-20260414T001532Z,1,0.100000,185622
2026.04.02 10:59:00Z,AF-CAND-0733,mt5run-20260414T001532Z,-1,0.100000,185647
2026.04.02 13:30:00Z,AF-CAND-0733,mt5run-20260414T001532Z,1,0.100000,185798
2026.04.03 08:27:00Z,AF-CAND-0733,mt5run-20260414T001532Z,1,0.200000,186926
2026.04.03 11:54:00Z,AF-CAND-0733,mt5run-20260414T001532Z,1,0.100000,187133
2026.04.03 13:31:00Z,AF-CAND-0733,mt5run-20260414T001532Z,-1,0.300000,187230
2026.04.06 08:00:00Z,AF-CAND-0733,mt5run-20260414T001532Z,1,0.100000,188329
2026.04.06 08:10:00Z,AF-CAND-0733,mt5run-20260414T001532Z,-1,0.100000,188339
2026.04.06 08:17:00Z,AF-CAND-0733,mt5run-20260414T001532Z,1,0.100000,188346
2026.04.06 08:48:00Z,AF-CAND-0733,mt5run-20260414T001532Z,1,0.100000,188377
2026.04.06 10:55:00Z,AF-CAND-0733,mt5run-20260414T001532Z,-1,0.100000,188504
2026.04.06 13:33:00Z,AF-CAND-0733,mt5run-20260414T001532Z,1,0.100000,188662
2026.04.07 08:00:00Z,AF-CAND-0733,mt5run-20260414T001532Z,1,0.100000,189762
2026.04.07 08:07:00Z,AF-CAND-0733,mt5run-20260414T001532Z,-1,0.100000,189769
2026.04.07 08:30:00Z,AF-CAND-0733,mt5run-20260414T001532Z,-1,0.100000,189792
2026.04.07 08:48:00Z,AF-CAND-0733,mt5run-20260414T001532Z,1,0.100000,189810
2026.04.07 09:46:00Z,AF-CAND-0733,mt5run-20260414T001532Z,1,0.100000,189868
2026.04.07 11:04:00Z,AF-CAND-0733,mt5run-20260414T001532Z,-1,0.100000,189946
2026.04.07 13:36:00Z,AF-CAND-0733,mt5run-20260414T001532Z,1,0.100000,190098
2026.04.08 08:03:00Z,AF-CAND-0733,mt5run-20260414T001532Z,-1,0.100000,191199
2026.04.08 08:47:00Z,AF-CAND-0733,mt5run-20260414T001532Z,1,0.100000,191243
2026.04.08 09:02:00Z,AF-CAND-0733,mt5run-20260414T001532Z,-1,0.100000,191258
2026.04.08 11:33:00Z,AF-CAND-0733,mt5run-20260414T001532Z,1,0.100000,191409
2026.04.08 13:42:00Z,AF-CAND-0733,mt5run-20260414T001532Z,1,0.100000,191538
2026.04.09 08:00:00Z,AF-CAND-0733,mt5run-20260414T001532Z,1,0.100000,192630
2026.04.09 08:21:00Z,AF-CAND-0733,mt5run-20260414T001532Z,-1,0.100000,192651
2026.04.09 08:55:00Z,AF-CAND-0733,mt5run-20260414T001532Z,1,0.100000,192685
2026.04.09 11:58:00Z,AF-CAND-0733,mt5run-20260414T001532Z,-1,0.100000,192868
2026.04.09 12:20:00Z,AF-CAND-0733,mt5run-20260414T001532Z,1,0.100000,192890
